geo,name,year,gdp,life,population,babies
afg,Afghanistan,1990,2412.90304,59,12045660,7.58
afg,Afghanistan,1991,2235.39988,58.8,12238879,7.63
afg,Afghanistan,1992,2168.64015,59.2,13278974,7.7
afg,Afghanistan,1993,1503.96807,59.6,14943172,7.76
afg,Afghanistan,1994,1127.76933,59.5,16250794,7.77
afg,Afghanistan,1995,1689.0634,60.3,17065836,7.77
afg,Afghanistan,1996,1621.28448,60.9,17763266,7.76
afg,Afghanistan,1997,1562.46326,60.6,18452091,7.73
afg,Afghanistan,1998,1510.20513,59.4,19159996,7.69
afg,Afghanistan,1999,1456.3727,61.1,19887785,7.64
afg,Afghanistan,2000,1426.50934,61.2,20130327,7.57
afg,Afghanistan,2001,1312.2368,61.3,20284307,7.45
afg,Afghanistan,2002,1673.64821,62.1,21378117,7.32
afg,Afghanistan,2003,1731.14825,63.1,22733049,7.17
afg,Afghanistan,2004,1713.2018,63.5,23560654,7.02
afg,Afghanistan,2005,1855.22812,63.8,24404567,6.86
afg,Afghanistan,2006,1895.55139,64,25424094,6.69
afg,Afghanistan,2007,2132.60481,64.3,25909852,6.51
afg,Afghanistan,2008,2177.91615,64.7,26482622,6.39
afg,Afghanistan,2009,2557.34077,65.2,27466101,6.3
afg,Afghanistan,2010,2848.58606,65.6,28284089,6.2
afg,Afghanistan,2011,2757.05259,66,29347708,6.09
afg,Afghanistan,2012,2985.31914,66.3,30560034,5.99
afg,Afghanistan,2013,3046.57993,66.7,31622704,5.88
afg,Afghanistan,2014,3017.94254,66.5,32792523,5.77
afg,Afghanistan,2015,2967.69207,66.3,33831764,5.65
afg,Afghanistan,2016,2958.7854,66.5,34700612,5.54
afg,Afghanistan,2017,2952.99892,66.6,35688935,5.43
afg,Afghanistan,2018,2902.39211,66.3,36743039,5.33
afg,Afghanistan,2019,2927.24514,66.2,37856121,5.24
ago,Angola,1990,4974.52806,49.7,11626360,7.27
ago,Angola,1991,5038.18813,50.4,12023529,7.21
ago,Angola,1992,4750.38909,50.5,12423712,7.14
ago,Angola,1993,3608.83245,49.2,12827135,7.07
ago,Angola,1994,3649.03251,50.6,13249764,6.99
ago,Angola,1995,4176.13396,51.6,13699778,6.92
ago,Angola,1996,4710.75499,52.6,14170973,6.85
ago,Angola,1997,5012.3417,53.1,14660413,6.79
ago,Angola,1998,5198.37712,53.1,15159370,6.73
ago,Angola,1999,5256.21105,53.3,15667235,6.68
ago,Angola,2000,5352.49132,54,16194869,6.64
ago,Angola,2001,5500.42866,54.4,16747208,6.6
ago,Angola,2002,6149.13438,55.1,17327699,6.57
ago,Angola,2003,6223.38333,55.8,17943712,6.53
ago,Angola,2004,6749.75485,56.4,18600423,6.5
ago,Angola,2005,7592.30709,57.1,19291161,6.46
ago,Angola,2006,8283.14745,57.4,20015279,6.42
ago,Angola,2007,9191.41108,58.3,20778561,6.37
ago,Angola,2008,9889.65518,59,21578655,6.32
ago,Angola,2009,9626.73739,59.5,22414773,6.26
ago,Angola,2010,9672.83922,60,23294825,6.19
ago,Angola,2011,9627.0206,60.5,24218352,6.12
ago,Angola,2012,10051.33991,61.1,25177394,6.04
ago,Angola,2013,10150.9161,61.7,26165620,5.95
ago,Angola,2014,10250.5924,62.3,27160769,5.86
ago,Angola,2015,9980.92988,62.7,28157798,5.77
ago,Angola,2016,9381.80973,63,29183070,5.69
ago,Angola,2017,9042.11713,63.3,30234839,5.6
ago,Angola,2018,8620.21466,63.6,31297155,5.52
ago,Angola,2019,8274.54256,63.8,32375632,5.44
alb,Albania,1990,5490.45562,71.9,3277966,3.01
alb,Albania,1991,4000.61805,72.1,3282602,2.96
alb,Albania,1992,3769.75645,72.5,3282501,2.89
alb,Albania,1993,4156.23308,72.9,3277825,2.81
alb,Albania,1994,4522.78284,73.3,3269410,2.8
alb,Albania,1995,5095.58379,73.6,3258567,2.76
alb,Albania,1996,5509.0003,73.7,3245678,2.67
alb,Albania,1997,4898.67228,72.2,3229660,2.54
alb,Albania,1998,5349.76525,74.5,3210133,2.43
alb,Albania,1999,6059.11547,74.9,3188595,2.31
alb,Albania,2000,6558.42258,75.1,3166148,2.22
alb,Albania,2001,7210.04538,75.5,3147943,2.14
alb,Albania,2002,7578.61364,75.6,3134092,2
alb,Albania,2003,8024.27537,75.7,3118088,2.01
alb,Albania,2004,8490.54991,76,3098657,1.89
alb,Albania,2005,8977.57267,76.3,3076159,1.79
alb,Albania,2006,9577.48492,76.9,3050809,1.69
alb,Albania,2007,10272.64516,77.4,3022887,1.63
alb,Albania,2008,11064.87257,77.6,2992930,1.62
alb,Albania,2009,11435.59511,77.9,2961479,1.64
alb,Albania,2010,11828.37497,78.1,2928722,1.65
alb,Albania,2011,12152.41716,78.3,2911504,1.68
alb,Albania,2012,12292.29683,78.4,2910004,1.72
alb,Albania,2013,12525.08076,78.5,2907573,1.74
alb,Albania,2014,12832.21222,78.5,2903749,1.72
alb,Albania,2015,13156.33221,78.5,2898632,1.63
alb,Albania,2016,13692.47885,78.7,2897867,1.56
alb,Albania,2017,14155.03975,78.8,2898242,1.49
alb,Albania,2018,14710.98258,78.9,2894231,1.42
alb,Albania,2019,15078.50697,78.9,2885010,1.4
and,Andorra,1990,46235.61393,79.4,52597,1.4
and,Andorra,1991,44611.1308,79.5,56667,1.4
and,Andorra,1992,42769.13623,79.7,60200,1.37
and,Andorra,1993,40544.31157,79.8,63272,1.33
and,Andorra,1994,40706.94769,80,64612,1.32
and,Andorra,1995,42152.12008,80.1,63912,1.32
and,Andorra,1996,44165.73984,80.3,63984,1.33
and,Andorra,1997,47928.86102,80.4,64700,1.35
and,Andorra,1998,49232.97298,80.6,65382,1.38
and,Andorra,1999,51157.50905,80.7,65710,1.42
and,Andorra,2000,52814.6954,80.8,65685,1.27
and,Andorra,2001,56647.45065,81.2,65852,1.31
and,Andorra,2002,58701.07662,81.4,66506,1.27
and,Andorra,2003,61631.28478,81.7,69486,1.18
and,Andorra,2004,62814.03238,81.9,74325,1.23
and,Andorra,2005,64175.8719,82.1,77421,1.22
and,Andorra,2006,65819.16908,82.3,79585,1.23
and,Andorra,2007,65192.704,82.5,81877,1.19
and,Andorra,2008,60531.1931,82.6,83495,1.25
and,Andorra,2009,57182.71426,82.7,83888,1.21
and,Andorra,2010,58285.05778,82.7,80706,1.28
and,Andorra,2011,60470.46624,82.9,77783,1.32
and,Andorra,2012,58172.13239,83.1,76834,1.26
and,Andorra,2013,57332.15856,83.2,75194,1.14
and,Andorra,2014,59929.24447,83.3,73737,1.17
and,Andorra,2015,62105.15424,83.4,72174,1.22
and,Andorra,2016,64402.80924,83.6,72181,1.18
and,Andorra,2017,63239.65777,83.7,73763,1.13
and,Andorra,2018,63048.59856,83.8,75162,1.05
and,Andorra,2019,63215.89979,83.9,76474,1.05
are,UAE,1990,74726.8204,70.4,1898220,4.51
are,UAE,1991,74483.98654,70.8,2006626,4.25
are,UAE,1992,75567.43966,71.2,2114730,4.09
are,UAE,1993,75520.20218,71.4,2222093,3.82
are,UAE,1994,79711.70017,71.6,2328188,3.76
are,UAE,1995,83835.62829,71.9,2434662,3.28
are,UAE,1996,85799.34087,72.2,2597564,3.06
are,UAE,1997,88459.09472,72.4,2817410,2.83
are,UAE,1998,84615.44633,72.4,3040421,2.77
are,UAE,1999,83124.64145,72.5,3266009,2.79
are,UAE,2000,88047.22698,72.7,3493575,2.73
are,UAE,2001,85242.47915,72.9,3723590,2.62
are,UAE,2002,83319.82832,73.4,3956826,2.54
are,UAE,2003,86396.09866,73.9,4192457,2.49
are,UAE,2004,90067.1992,74.2,4428967,2.39
are,UAE,2005,89813.8553,74.6,4664790,2.23
are,UAE,2006,91960.46888,74.9,5009100,1.96
are,UAE,2007,84698.91602,75.1,5624635,1.79
are,UAE,2008,78094.031,75.4,6302664,1.52
are,UAE,2009,69482.12453,75.9,6707058,1.58
are,UAE,2010,68799.93085,76.5,6938363,1.57
are,UAE,2011,70662.51595,77,7199423,1.54
are,UAE,2012,69158.82664,77.5,7497118,1.53
are,UAE,2013,69806.95598,78,7831847,1.53
are,UAE,2014,69409.03704,78.3,8236874,1.48
are,UAE,2015,70234.73175,78.5,8674633,1.42
are,UAE,2016,70573.99271,78.9,9030873,1.37
are,UAE,2017,68871.84958,79.2,9234327,1.35
are,UAE,2018,68854.9699,79.5,9346870,1.29
are,UAE,2019,68887.84541,79.8,9377847,1.25
arg,Argentina,1990,15986.19359,72.3,32755901,3.03
arg,Argentina,1991,17332.00072,72.6,33230294,3.01
arg,Argentina,1992,18628.77055,72.6,33693527,2.99
arg,Argentina,1993,19873.299,72.8,34152717,2.97
arg,Argentina,1994,20833.55883,73.3,34613491,2.94
arg,Argentina,1995,20052.88124,73.2,35070020,2.86
arg,Argentina,1996,20973.06057,73.4,35513793,2.78
arg,Argentina,1997,22475.89726,73.6,35947791,2.71
arg,Argentina,1998,23142.27021,73.6,36372860,2.66
arg,Argentina,1999,22170.63884,73.6,36794682,2.64
arg,Argentina,2000,21810.83619,74.2,37213984,2.59
arg,Argentina,2001,20678.60893,74.3,37624825,2.53
arg,Argentina,2002,18277.79656,74.3,38029349,2.49
arg,Argentina,2003,19736.98231,74.3,38424282,2.45
arg,Argentina,2004,21350.38905,74.8,38815916,2.43
arg,Argentina,2005,23052.59,75.2,39216789,2.43
arg,Argentina,2006,24704.5175,75.4,39622115,2.4
arg,Argentina,2007,26716.74246,75.1,40016763,2.37
arg,Argentina,2008,27570.26577,75.6,40424148,2.43
arg,Argentina,2009,25707.98973,75.8,40854831,2.4
arg,Argentina,2010,28056.25702,75.7,41288694,2.41
arg,Argentina,2011,29425.75939,76,41730660,2.39
arg,Argentina,2012,28825.96669,76.1,42161721,2.3
arg,Argentina,2013,29227.66018,76.3,42582455,2.34
arg,Argentina,2014,28200.81526,76.6,43024071,2.39
arg,Argentina,2015,28669.20613,76.6,43477012,2.35
arg,Argentina,2016,27802.10572,76.4,43900313,2.24
arg,Argentina,2017,28334.90418,76.9,44288894,2.17
arg,Argentina,2018,27367.11509,77.2,44654882,2.07
arg,Argentina,2019,26629.55294,77.5,44973465,1.88
arm,Armenia,1990,7590.79331,70.4,3552128,2.71
arm,Armenia,1991,6465.12685,69.9,3613977,2.64
arm,Armenia,1992,3749.21414,69.4,3571861,2.5
arm,Armenia,1993,3441.97754,69.4,3453332,2.29
arm,Armenia,1994,3676.31367,69.8,3364610,2.08
arm,Armenia,1995,3950.03629,70.2,3307581,2.07
arm,Armenia,1996,4147.22789,70.7,3278735,2.06
arm,Armenia,1997,4264.3424,71.4,3246289,1.9
arm,Armenia,1998,4556.81793,72,3208401,1.81
arm,Armenia,1999,4704.32549,72.3,3167286,1.53
arm,Armenia,2000,4860.71825,72.6,3125628,1.47
arm,Armenia,2001,5288.59752,72.8,3084349,1.4
arm,Armenia,2002,5964.33327,72.8,3055630,1.41
arm,Armenia,2003,6779.7368,72.9,3038968,1.47
arm,Armenia,2004,7476.52129,73,3022541,1.49
arm,Armenia,2005,8511.01241,73.2,3006351,1.49
arm,Armenia,2006,9640.20116,73.3,2990377,1.49
arm,Armenia,2007,10980.46168,73.3,2974819,1.52
arm,Armenia,2008,11773.80791,73.5,2959990,1.54
arm,Armenia,2009,10157.81885,73.8,2945517,1.57
arm,Armenia,2010,10438.56419,74,2931078,1.59
arm,Armenia,2011,10990.1771,74.3,2923271,1.62
arm,Armenia,2012,11796.27412,74.6,2922528,1.65
arm,Armenia,2013,12194.01895,75.1,2922518,1.67
arm,Armenia,2014,12667.37573,75.4,2922422,1.66
arm,Armenia,2015,13112.76009,75.8,2921177,1.62
arm,Armenia,2016,13192.99407,76,2918793,1.63
arm,Armenia,2017,14243.8749,76.4,2914963,1.56
arm,Armenia,2018,15037.04524,77,2909965,1.57
arm,Armenia,2019,16215.3608,77.3,2903972,1.6
atg,Antigua and Barbuda,1990,21696.89565,73.3,63066,2.25
atg,Antigua and Barbuda,1991,21975.59824,73.4,63387,2.04
atg,Antigua and Barbuda,1992,21842.33061,73.6,64404,2.13
atg,Antigua and Barbuda,1993,22541.01725,73.7,65587,2.04
atg,Antigua and Barbuda,1994,23550.13862,73.9,66843,2.07
atg,Antigua and Barbuda,1995,22043.3636,73.8,68189,2.16
atg,Antigua and Barbuda,1996,22985.91459,74.1,69612,2.27
atg,Antigua and Barbuda,1997,23718.08067,73.1,71053,2.19
atg,Antigua and Barbuda,1998,24336.43185,74.4,72412,2.02
atg,Antigua and Barbuda,1999,24770.44906,74.7,73666,1.96
atg,Antigua and Barbuda,2000,25853.23485,75.1,74912,2.2
atg,Antigua and Barbuda,2001,24259.00936,75.2,76069,2.02
atg,Antigua and Barbuda,2002,24170.76163,75.5,77032,1.94
atg,Antigua and Barbuda,2003,25326.21687,75.7,77884,1.89
atg,Antigua and Barbuda,2004,26468.17333,75.9,78719,1.85
atg,Antigua and Barbuda,2005,27830.44701,76.1,79611,1.83
atg,Antigua and Barbuda,2006,30945.55644,76.5,80604,1.83
atg,Antigua and Barbuda,2007,33336.85979,76.7,81704,1.86
atg,Antigua and Barbuda,2008,32814.87869,77,82912,2.04
atg,Antigua and Barbuda,2009,28430.15923,77.4,84173,2.01
atg,Antigua and Barbuda,2010,25826.60864,77.5,85320,1.79
atg,Antigua and Barbuda,2011,25023.91745,77.7,86332,1.75
atg,Antigua and Barbuda,2012,25592.906609999998,77.7,87260,1.66
atg,Antigua and Barbuda,2013,25206.84583,77.6,88064,1.54
atg,Antigua and Barbuda,2014,25557.52491,77.7,88765,1.53
atg,Antigua and Barbuda,2015,25734.15164,77.7,89409,1.57
atg,Antigua and Barbuda,2016,26627.71454,77.6,89969,1.46
atg,Antigua and Barbuda,2017,27199.19524,77.6,90468,1.49
atg,Antigua and Barbuda,2018,28878.60677,77.8,90926,1.37
atg,Antigua and Barbuda,2019,29651.86415,77.9,91364,1.47
aus,Australia,1990,36304.91547,76.8,17126298,1.91
aus,Australia,1991,35680.8378,77.2,17353193,1.86
aus,Australia,1992,35729.37179,77.4,17549288,1.89
aus,Australia,1993,36887.9858,77.7,17722911,1.86
aus,Australia,1994,38070.97216,77.8,17897433,1.85
aus,Australia,1995,39087.28166,78.1,18095344,1.83
aus,Australia,1996,40136.30978,78.3,18305307,1.8
aus,Australia,1997,41271.92453,78.6,18504912,1.78
aus,Australia,1998,42783.84906,78.9,18701717,1.77
aus,Australia,1999,44369.39423,79.2,18909981,1.76
aus,Australia,2000,45546.30419,79.6,19132471,1.76
aus,Australia,2001,45886.74826,79.9,19365433,1.74
aus,Australia,2002,47144.6969,80.1,19595355,1.77
aus,Australia,2003,48004.27426,80.5,19819454,1.76
aus,Australia,2004,49439.27404,80.8,20046677,1.78
aus,Australia,2005,50323.82948,81.2,20294490,1.85
aus,Australia,2006,50945.63779,81.4,20590559,1.88
aus,Australia,2007,51853.37495,81.4,20954549,1.99
aus,Australia,2008,52538.92042,81.4,21370589,2.02
aus,Australia,2009,52353.57082,81.7,21783011,1.97
aus,Australia,2010,52589.81821,82,22141581,1.95
aus,Australia,2011,53112.53287,82.1,22479775,1.92
aus,Australia,2012,54237.59191,82.4,22852644,1.93
aus,Australia,2013,54699.35162,82.5,23236270,1.88
aus,Australia,2014,55288.11534,82.5,23595601,1.81
aus,Australia,2015,55691.69885,82.6,23948002,1.8
aus,Australia,2016,56341.51816,82.8,24329963,1.79
aus,Australia,2017,56684.64733,83.1,24731038,1.75
aus,Australia,2018,57450.38104,83.3,25119706,1.74
aus,Australia,2019,57837.06069,83.3,25482714,1.67
aut,Austria,1990,41070.5472,75.8,7679624,1.47
aut,Austria,1991,42219.38956,75.9,7757140,1.52
aut,Austria,1992,42786.2777,76.1,7842712,1.52
aut,Austria,1993,42808.8432,76.3,7907495,1.51
aut,Austria,1994,43817.65719,76.6,7938155,1.47
aut,Austria,1995,45065.66395,76.8,7950322,1.43
aut,Austria,1996,46164.60551,77,7960914,1.45
aut,Austria,1997,47249.87352,77.4,7969803,1.4
aut,Austria,1998,48994.13445,77.7,7978466,1.37
aut,Austria,1999,50866.81311,78,7993892,1.34
aut,Austria,2000,52517.46107,78.3,8012928,1.36
aut,Austria,2001,53143.62112,78.6,8042233,1.33
aut,Austria,2002,53809.15485,78.8,8081636,1.39
aut,Austria,2003,54262.66063,78.9,8122602,1.37
aut,Austria,2004,55440.73462,79.3,8173491,1.42
aut,Austria,2005,56453.61958,79.5,8229204,1.41
aut,Austria,2006,58131.01608,79.8,8269898,1.4
aut,Austria,2007,60240.1574,80,8296952,1.38
aut,Austria,2008,61035.70774,80.2,8323253,1.41
aut,Austria,2009,58788.94457,80.2,8345066,1.39
aut,Austria,2010,59803.37263,80.4,8365092,1.44
aut,Austria,2011,61346.95947,80.7,8393270,1.43
aut,Austria,2012,61451.5491,80.8,8431601,1.44
aut,Austria,2013,60937.25691,81,8481406,1.44
aut,Austria,2014,60919.84071,81.2,8547817,1.46
aut,Austria,2015,61025.99945,81.2,8644039,1.49
aut,Austria,2016,61647.77947,81.4,8737915,1.53
aut,Austria,2017,62612.13993,81.6,8798778,1.52
aut,Austria,2018,63855.78168,81.7,8841650,1.48
aut,Austria,2019,64688.14382,81.9,8880876,1.46
aze,Azerbaijan,1990,10510.32985,66.1,7231077,2.98
aze,Azerbaijan,1991,10340.09016,65.9,7314308,2.95
aze,Azerbaijan,1992,7913.26922,64.5,7405780,2.86
aze,Azerbaijan,1993,6014.37323,64.6,7504115,2.75
aze,Azerbaijan,1994,4779.6486,64.5,7608893,2.45
aze,Azerbaijan,1995,4166.54567,65,7719282,2.19
aze,Azerbaijan,1996,4199.58193,65.8,7830982,1.98
aze,Azerbaijan,1997,4434.00156,66.6,7936221,2.02
aze,Azerbaijan,1998,4808.12125,67.3,8025804,1.85
aze,Azerbaijan,1999,5157.74366,67.9,8100471,1.72
aze,Azerbaijan,2000,5652.91901,68.5,8174785,1.7
aze,Azerbaijan,2001,6148.07154,69.1,8251771,1.59
aze,Azerbaijan,2002,6679.78178,69.3,8326133,1.58
aze,Azerbaijan,2003,7318.7397,69.3,8400530,1.59
aze,Azerbaijan,2004,7940.9474,69.5,8489874,1.97
aze,Azerbaijan,2005,10056.51613,69.7,8597248,1.98
aze,Azerbaijan,2006,13382.80963,70,8711380,2.02
aze,Azerbaijan,2007,16603.11847,70.6,8828311,1.97
aze,Azerbaijan,2008,17986.23868,70.9,8942638,1.9
aze,Azerbaijan,2009,19260.39807,71.2,9046336,1.82
aze,Azerbaijan,2010,19925.3901,71.5,9146851,1.92
aze,Azerbaijan,2011,19358.07779,71.6,9256150,1.98
aze,Azerbaijan,2012,19523.37371,71.7,9376181,2.14
aze,Azerbaijan,2013,20398.64619,72,9504409,2.15
aze,Azerbaijan,2014,20709.20162,72.2,9631138,2.13
aze,Azerbaijan,2015,20678.75396,72.4,9752850,2.09
aze,Azerbaijan,2016,19822.41059,72.5,9868428,2.03
aze,Azerbaijan,2017,19659.00485,72.7,9968510,1.96
aze,Azerbaijan,2018,19781.85091,72.9,10039784,1.91
aze,Azerbaijan,2019,20101.4919,72.9,10110475,1.85
bdi,Burundi,1990,1425.29552,48,5587052,7.37
bdi,Burundi,1991,1462.28611,47.6,5703857,7.34
bdi,Burundi,1992,1435.73604,47.1,5858407,7.3
bdi,Burundi,1993,1383.12394,44,5676843,7.27
bdi,Burundi,1994,1329.26863,42.9,5713854,7.23
bdi,Burundi,1995,1155.95167,42.9,6066316,7.18
bdi,Burundi,1996,1052.81204,43.2,6070506,7.12
bdi,Burundi,1997,1032.46566,43.3,6070042,7.04
bdi,Burundi,1998,1057.25872,43.8,6187108,6.96
bdi,Burundi,1999,1019.60248,44.5,6337155,6.9
bdi,Burundi,2000,988.06467,45.4,6470194,6.87
bdi,Burundi,2001,982.29729,46.5,6634365,6.85
bdi,Burundi,2002,996.91237,47.8,6824132,6.82
bdi,Burundi,2003,954.10637,49.1,7043154,6.79
bdi,Burundi,2004,963.73197,50.4,7310656,6.75
bdi,Burundi,2005,937.35638,51.5,7587299,6.71
bdi,Burundi,2006,953.30578,55.6,7865547,6.66
bdi,Burundi,2007,950.63619,56.7,8161874,6.59
bdi,Burundi,2008,956.92423,57.4,8505637,6.52
bdi,Burundi,2009,944.66136,58.2,8947646,6.41
bdi,Burundi,2010,947.62142,59,9376444,6.26
bdi,Burundi,2011,951.18846,59.5,9717978,6.11
bdi,Burundi,2012,958.6574,59.9,10071028,5.99
bdi,Burundi,2013,970.37539,60.3,10439341,5.89
bdi,Burundi,2014,977.76584,60.7,10799785,5.79
bdi,Burundi,2015,918.55719,60.8,11047580,5.7
bdi,Burundi,2016,897.45905,61.2,11239451,5.59
bdi,Burundi,2017,880.99344,61.5,11506762,5.48
bdi,Burundi,2018,868.55551,61.8,11859446,5.38
bdi,Burundi,2019,855.73272,62,12255336,5.27
bel,Belgium,1990,40148.03257,76,9960968,1.63
bel,Belgium,1991,40822.36832,76.2,9998961,1.66
bel,Belgium,1992,41370.09007,76.4,10045987,1.65
bel,Belgium,1993,40899.4883,76.4,10084931,1.61
bel,Belgium,1994,42177.99937,76.7,10116005,1.56
bel,Belgium,1995,43182.34357,76.9,10137265,1.56
bel,Belgium,1996,43779.28736,77.1,10156969,1.59
bel,Belgium,1997,45411.82304,77.4,10181464,1.6
bel,Belgium,1998,46293.93388,77.5,10203182,1.59
bel,Belgium,1999,47915.4281,77.6,10226682,1.61
bel,Belgium,2000,49661.30813,77.9,10251717,1.66
bel,Belgium,2001,50107.04562,78.2,10287004,1.67
bel,Belgium,2002,50830.50141,78.3,10332973,1.65
bel,Belgium,2003,51220.07901,78.5,10376260,1.67
bel,Belgium,2004,52915.96859,78.9,10421292,1.72
bel,Belgium,2005,53931.0984,79.1,10478886,1.75
bel,Belgium,2006,55036.00936,79.5,10548442,1.79
bel,Belgium,2007,56730.34608,79.6,10625493,1.81
bel,Belgium,2008,56634.78441,79.7,10709708,1.85
bel,Belgium,2009,55194.46025,79.8,10812935,1.84
bel,Belgium,2010,56265.01535,80,10936626,1.85
bel,Belgium,2011,56610.26701,80.2,11038631,1.81
bel,Belgium,2012,56381.68884,80.3,11107518,1.78
bel,Belgium,2013,56287.99766,80.5,11160276,1.75
bel,Belgium,2014,57028.05797,80.9,11210119,1.73
bel,Belgium,2015,57534.39661,80.9,11275335,1.69
bel,Belgium,2016,57927.04288,81.1,11332701,1.68
bel,Belgium,2017,58555.15248,81.3,11376581,1.64
bel,Belgium,2018,59383.87733,81.5,11428605,1.62
bel,Belgium,2019,60506.65977,81.8,11490618,1.61
ben,Benin,1990,2265.51561,54.2,5281479,6.74
ben,Benin,1991,2280.34509,54.5,5446932,6.67
ben,Benin,1992,2267.92908,55.1,5617844,6.59
ben,Benin,1993,2287.21359,55.5,5872706,6.51
ben,Benin,1994,2237.31181,55.9,6096506,6.42
ben,Benin,1995,2331.84615,56.3,6226773,6.33
ben,Benin,1996,2361.07415,56.5,6391858,6.28
ben,Benin,1997,2417.12064,57,6583365,6.23
ben,Benin,1998,2430.76444,57.2,6789489,6.14
ben,Benin,1999,2477.33555,57.7,7002818,6.03
ben,Benin,2000,2538.05058,58,7221619,5.94
ben,Benin,2001,2588.96065,58.6,7445596,5.85
ben,Benin,2002,2624.71693,59.2,7675426,5.79
ben,Benin,2003,2631.44771,59.8,7913070,5.76
ben,Benin,2004,2663.81673,60.6,8159094,5.72
ben,Benin,2005,2623.1785,61,8426144,5.69
ben,Benin,2006,2643.19254,61.3,8693242,5.67
ben,Benin,2007,2720.93466,61.7,8953969,5.63
ben,Benin,2008,2771.27796,62.1,9228466,5.55
ben,Benin,2009,2754.5594,62.3,9509423,5.49
ben,Benin,2010,2733.574,62.5,9797484,5.45
ben,Benin,2011,2732.0125,62.5,10093623,5.44
ben,Benin,2012,2779.72648,62.6,10397657,5.43
ben,Benin,2013,2893.0467,62.7,10708834,5.41
ben,Benin,2014,2987.38236,62.9,11030004,5.37
ben,Benin,2015,2952.00218,63.1,11360681,5.32
ben,Benin,2016,2962.66382,63.7,11697842,5.25
ben,Benin,2017,3041.7793,64.1,12039780,5.16
ben,Benin,2018,3155.45107,64.6,12383347,5.03
ben,Benin,2019,3281.1047,64.9,12726755,4.9
bfa,Burkina Faso,1990,1255.67978,50,9159356,7.01
bfa,Burkina Faso,1991,1317.22312,50.2,9394632,6.97
bfa,Burkina Faso,1992,1271.21462,50.2,9629275,6.94
bfa,Burkina Faso,1993,1266.9269,50.3,9871713,6.89
bfa,Burkina Faso,1994,1236.8505,50.5,10123798,6.84
bfa,Burkina Faso,1995,1260.91111,50.7,10386722,6.81
bfa,Burkina Faso,1996,1351.69962,50.1,10655942,6.78
bfa,Burkina Faso,1997,1388.41119,51.1,10934223,6.72
bfa,Burkina Faso,1998,1438.63366,52.1,11240664,6.66
bfa,Burkina Faso,1999,1490.29767,52.7,11574928,6.59
bfa,Burkina Faso,2000,1464.85074,53.3,11925546,6.52
bfa,Burkina Faso,2001,1505.71542,54.1,12295001,6.43
bfa,Burkina Faso,2002,1514.50187,54.9,12680897,6.34
bfa,Burkina Faso,2003,1575.74865,56,13082532,6.28
bfa,Burkina Faso,2004,1590.67361,56.9,13500533,6.22
bfa,Burkina Faso,2005,1670.88941,57.9,13932123,6.18
bfa,Burkina Faso,2006,1717.69219,58.8,14373707,6.17
bfa,Burkina Faso,2007,1732.62043,59.8,14816307,6.11
bfa,Burkina Faso,2008,1778.65964,61.1,15258093,6.05
bfa,Burkina Faso,2009,1778.44245,62.1,15710066,5.99
bfa,Burkina Faso,2010,1873.97146,63.1,16176498,5.94
bfa,Burkina Faso,2011,1939.8666,64.1,16661908,5.87
bfa,Burkina Faso,2012,2003.66461,64.8,17172287,5.79
bfa,Burkina Faso,2013,2057.06393,65.4,17695409,5.7
bfa,Burkina Faso,2014,2083.19845,66,18229461,5.6
bfa,Burkina Faso,2015,2101.70266,66.3,18777487,5.48
bfa,Burkina Faso,2016,2162.72579,66.6,19334856,5.33
bfa,Burkina Faso,2017,2232.28782,66.9,19894407,5.17
bfa,Burkina Faso,2018,2316.39432,67.4,20438288,4.92
bfa,Burkina Faso,2019,2391.53627,67.5,20961952,4.68
bgd,Bangladesh,1990,1829.34738,57,111633717,4.51
bgd,Bangladesh,1991,1873.55186,54.8,113787109,4.26
bgd,Bangladesh,1992,1948.11327,58.3,115952192,4.03
bgd,Bangladesh,1993,2016.52094,59.1,118132360,3.83
bgd,Bangladesh,1994,2076.63758,59.8,120343179,3.74
bgd,Bangladesh,1995,2159.53526,60.4,122600370,3.59
bgd,Bangladesh,1996,2236.20935,61.1,124862179,3.51
bgd,Bangladesh,1997,2315.05622,61.8,127198069,3.5
bgd,Bangladesh,1998,2406.18874,62.4,129622332,3.43
bgd,Bangladesh,1999,2491.55771,63,132108065,3.36
bgd,Bangladesh,2000,2594.17073,63.6,134544304,3.28
bgd,Bangladesh,2001,2696.53287,64.2,136805810,3.2
bgd,Bangladesh,2002,2775.91996,64.6,138933658,3.13
bgd,Bangladesh,2003,2883.41361,65,140970351,3.03
bgd,Bangladesh,2004,3009.80039,65.6,142902856,2.94
bgd,Bangladesh,2005,3179.34961,66.1,144715786,2.85
bgd,Bangladesh,2006,3365.82922,66.6,146405973,2.76
bgd,Bangladesh,2007,3576.82402,67,147989278,2.67
bgd,Bangladesh,2008,3766.29471,67.7,149474264,2.58
bgd,Bangladesh,2009,3931.6318,68,150873714,2.48
bgd,Bangladesh,2010,4125.4639,68.3,152201981,2.38
bgd,Bangladesh,2011,4352.42643,68.7,153591076,2.31
bgd,Bangladesh,2012,4592.04841,69,155070101,2.26
bgd,Bangladesh,2013,4822.72621,69.3,156532141,2.25
bgd,Bangladesh,2014,5068.63966,69.5,157964929,2.23
bgd,Bangladesh,2015,5352.71133,69.9,159383179,2.23
bgd,Bangladesh,2016,5682.53553,70.1,160811932,2.23
bgd,Bangladesh,2017,6005.70719,70.3,162186147,2.21
bgd,Bangladesh,2018,6392.59334,70.5,163523103,2.19
bgd,Bangladesh,2019,6838.32612,70.8,164913055,2.18
bgr,Bulgaria,1990,14014.28542,71.3,8822365,1.8
bgr,Bulgaria,1991,13030.4983,71.2,8695797,1.65
bgr,Bulgaria,1992,12270.79939,71.2,8559101,1.54
bgr,Bulgaria,1993,12286.25348,70.9,8466533,1.46
bgr,Bulgaria,1994,12614.99619,70.9,8416917,1.37
bgr,Bulgaria,1995,13094.85201,70.8,8357574,1.25
bgr,Bulgaria,1996,13507.02652,70.8,8291398,1.24
bgr,Bulgaria,1997,12052.61047,70.7,8217102,1.11
bgr,Bulgaria,1998,12632.06068,71,8138194,1.14
bgr,Bulgaria,1999,11722.56402,71.4,8067462,1.26
bgr,Bulgaria,2000,12360.28586,71.6,8000520,1.29
bgr,Bulgaria,2001,13097.34284,71.9,7928452,1.23
bgr,Bulgaria,2002,14180.77345,72.1,7861943,1.22
bgr,Bulgaria,2003,15074.91577,72.4,7804409,1.25
bgr,Bulgaria,2004,16211.61121,72.6,7749430,1.32
bgr,Bulgaria,2005,17522.70718,72.6,7695050,1.36
bgr,Bulgaria,2006,18893.69888,72.7,7640294,1.43
bgr,Bulgaria,2007,20341.2392,73,7586888,1.48
bgr,Bulgaria,2008,21773.76281,73.5,7535592,1.55
bgr,Bulgaria,2009,21212.03036,73.8,7488011,1.64
bgr,Bulgaria,2010,21715.87944,74,7437599,1.57
bgr,Bulgaria,2011,22312.39518,74.3,7380025,1.51
bgr,Bulgaria,2012,22610.05728,74.6,7317014,1.5
bgr,Bulgaria,2013,22945.5138,74.9,7264600,1.48
bgr,Bulgaria,2014,23446.40631,74.9,7223449,1.53
bgr,Bulgaria,2015,24553.14368,75,7177517,1.53
bgr,Bulgaria,2016,25626.82372,75.2,7127434,1.54
bgr,Bulgaria,2017,26681.42883,75.3,7075636,1.56
bgr,Bulgaria,2018,27739.50195,75.5,7024745,1.56
bgr,Bulgaria,2019,29199.83359,75.5,6975469,1.58
bhr,Bahrain,1990,26751.98349,69.9,514797,3.82
bhr,Bahrain,1991,30692.87707,70.1,531869,3.63
bhr,Bahrain,1992,33371.12659,70.2,547749,3.55
bhr,Bahrain,1993,37821.53853,70.4,562809,3.46
bhr,Bahrain,1994,38554.649770000004,70.5,577952,3.29
bhr,Bahrain,1995,40335.86077,70.5,593222,3.13
bhr,Bahrain,1996,42276.17941,70.5,608593,2.99
bhr,Bahrain,1997,43775.31912,70.6,624005,2.92
bhr,Bahrain,1998,46023.93608,70.7,639378,2.89
bhr,Bahrain,1999,48152.28816,71,654614,2.9
bhr,Bahrain,2000,50712.61814,70.7,669581,2.8
bhr,Bahrain,2001,51285.60742,71.6,699956,2.65
bhr,Bahrain,2002,50570.68669,71.8,752197,2.7
bhr,Bahrain,2003,51033.55385,72,811276,2.78
bhr,Bahrain,2004,51564.13976,72.3,871442,2.77
bhr,Bahrain,2005,51742.52452,72.7,932604,2.67
bhr,Bahrain,2006,51544.47812,72.9,994618,2.46
bhr,Bahrain,2007,52029.9827,73.6,1057405,2.28
bhr,Bahrain,2008,52382.05924,74.1,1120714,2.15
bhr,Bahrain,2009,50536.55832,74.5,1183605,2.05
bhr,Bahrain,2010,50704.84797,74.9,1213244,1.99
bhr,Bahrain,2011,53132.32842,75.2,1206728,2.03
bhr,Bahrain,2012,54516.84066,75.5,1216303,2.11
bhr,Bahrain,2013,55376.40051,75.8,1257203,2.17
bhr,Bahrain,2014,55065.81895,76.2,1312848,2.15
bhr,Bahrain,2015,54149.91315,76.3,1369650,2.11
bhr,Bahrain,2016,54107.07522,76.5,1429604,2.04
bhr,Bahrain,2017,53859.77496,76.7,1481995,1.98
bhr,Bahrain,2018,54893.07244,76.9,1497626,1.91
bhr,Bahrain,2019,56749.96284,77,1485670,1.84
bhs,Bahamas,1990,35265.52856,71,275945,2.52
bhs,Bahamas,1991,33096.27048,70.9,280731,2.51
bhs,Bahamas,1992,31146.42027,70.8,285927,2.71
bhs,Bahamas,1993,30564.54437,70.8,291339,2.61
bhs,Bahamas,1994,30879.69567,71,296509,2.47
bhs,Bahamas,1995,31608.20591,71.1,301461,2.42
bhs,Bahamas,1996,32337.74524,71.1,306268,2.35
bhs,Bahamas,1997,32226.31104,71.4,310904,2.29
bhs,Bahamas,1998,33173.61209,71.5,315368,2.23
bhs,Bahamas,1999,34959.78396,71.3,319614,2.13
bhs,Bahamas,2000,35809.90008,71.2,323835,2.06
bhs,Bahamas,2001,36163.258,71.2,327836,2.02
bhs,Bahamas,2002,36572.30382,71.4,331614,1.98
bhs,Bahamas,2003,35540.32688,71.6,335618,1.97
bhs,Bahamas,2004,35281.75243,71.5,339782,1.98
bhs,Bahamas,2005,35913.06617,71.8,343894,2.01
bhs,Bahamas,2006,36219.61497,72,348375,2.02
bhs,Bahamas,2007,36111.97019,72.4,353334,2.04
bhs,Bahamas,2008,34695.01929,72.4,358120,2
bhs,Bahamas,2009,32721.33578,72.3,362810,2.01
bhs,Bahamas,2010,32711.37709,72.4,367478,1.84
bhs,Bahamas,2011,32535.5808,72.6,371729,1.79
bhs,Bahamas,2012,33667.49761,72.8,375469,1.76
bhs,Bahamas,2013,32402.83497,72.9,378953,1.74
bhs,Bahamas,2014,32712.66137,72.8,382298,1.69
bhs,Bahamas,2015,32777.39561,72.6,385346,1.57
bhs,Bahamas,2016,32172.22915,72.8,388055,1.5
bhs,Bahamas,2017,33049.8728,72.9,390485,1.42
bhs,Bahamas,2018,33650.23692,72.9,392717,1.4
bhs,Bahamas,2019,33202.35458,70,394675,1.4
bih,Bosnia and Herzegovina,1990,3382.69127,72.4,4448652,1.79
bih,Bosnia and Herzegovina,1991,2977.26812,72.7,4458343,1.78
bih,Bosnia and Herzegovina,1992,2686.91091,59.1,4234616,1.76
bih,Bosnia and Herzegovina,1993,2578.91658,65,3904482,1.73
bih,Bosnia and Herzegovina,1994,2922.19843,68.9,3725412,1.7
bih,Bosnia and Herzegovina,1995,3319.95497,62.1,3715564,1.67
bih,Bosnia and Herzegovina,1996,4911.00456,74,3875246,1.65
bih,Bosnia and Herzegovina,1997,6330.23353,74.3,4018227,1.69
bih,Bosnia and Herzegovina,1998,7191.2874,74.6,4089356,1.56
bih,Bosnia and Herzegovina,1999,7750.18337,74.7,4130305,1.37
bih,Bosnia and Herzegovina,2000,8042.28229,74.8,4159771,1.28
bih,Bosnia and Herzegovina,2001,8163.04151,74.9,4179438,1.23
bih,Bosnia and Herzegovina,2002,8523.8492,75.1,4188002,1.23
bih,Bosnia and Herzegovina,2003,8835.83828,75.2,4178523,1.22
bih,Bosnia and Herzegovina,2004,9435.22034,75.3,4140987,1.22
bih,Bosnia and Herzegovina,2005,9876.18345,75.3,4096493,1.2
bih,Bosnia and Herzegovina,2006,10471.38047,75.5,4063272,1.18
bih,Bosnia and Herzegovina,2007,11199.55834,75.6,4013424,1.19
bih,Bosnia and Herzegovina,2008,11988.35044,75.8,3947544,1.21
bih,Bosnia and Herzegovina,2009,11825.86114,76,3879794,1.27
bih,Bosnia and Herzegovina,2010,12138.82997,76.2,3811472,1.26
bih,Bosnia and Herzegovina,2011,12483.50279,76.3,3741798,1.21
bih,Bosnia and Herzegovina,2012,12622.73391,76.5,3670113,1.25
bih,Bosnia and Herzegovina,2013,13131.3559,76.7,3610859,1.28
bih,Bosnia and Herzegovina,2014,13454.3841,76.8,3564829,1.26
bih,Bosnia and Herzegovina,2015,14219.54278,76.8,3518541,1.32
bih,Bosnia and Herzegovina,2016,14873.0683,77,3473003,1.36
bih,Bosnia and Herzegovina,2017,15554.06001,77,3428682,1.42
bih,Bosnia and Herzegovina,2018,16348.13346,77.1,3387000,1.5
bih,Bosnia and Herzegovina,2019,17028.64166,77.1,3345533,1.51
blr,Belarus,1990,13133.98655,71,10186261,1.86
blr,Belarus,1991,12882.9178,70.5,10193889,1.75
blr,Belarus,1992,11552.94871,70,10217561,1.7
blr,Belarus,1993,10592.44385,69.2,10241320,1.58
blr,Belarus,1994,9315.67815,68.8,10230187,1.49
blr,Belarus,1995,8319.6245,68.5,10197463,1.37
blr,Belarus,1996,8542.84929,68.5,10164028,1.31
blr,Belarus,1997,9518.13599,68.4,10122364,1.22
blr,Belarus,1998,10324.30756,68.3,10080578,1.27
blr,Belarus,1999,10683.31821,68.3,10039223,1.26
blr,Belarus,2000,11318.10471,68.5,9991313,1.27
blr,Belarus,2001,11878.88622,68.4,9938065,1.24
blr,Belarus,2002,12526.02397,68.2,9873450,1.2
blr,Belarus,2003,13472.64907,68.4,9803176,1.19
blr,Belarus,2004,15091.04364,68.7,9735091,1.2
blr,Belarus,2005,16600.19864,69,9667838,1.22
blr,Belarus,2006,18353.86259,69.5,9608036,1.31
blr,Belarus,2007,20011.91277,70.1,9563133,1.39
blr,Belarus,2008,22124.33048,70.4,9529358,1.45
blr,Belarus,2009,22225.93024,70.5,9507337,1.48
blr,Belarus,2010,24012.6133,70.6,9490752,1.48
blr,Belarus,2011,25404.7566,71.1,9472735,1.52
blr,Belarus,2012,25879.13194,72,9463076,1.62
blr,Belarus,2013,26147.625359999998,72.7,9464453,1.67
blr,Belarus,2014,26564.43472,73.3,9472708,1.7
blr,Belarus,2015,25513.21329,73.8,9487293,1.73
blr,Belarus,2016,24846.83015,74.2,9499064,1.73
blr,Belarus,2017,25503.98099,74.4,9495790,1.55
blr,Belarus,2018,26363.46298,74.4,9480031,1.46
blr,Belarus,2019,26798.82064,74.5,9435419,1.39
blz,Belize,1990,7813.02511,73.2,183076,4.8
blz,Belize,1991,8570.70392,73.1,187040,4.6
blz,Belize,1992,9483.40524,73.5,190983,4.43
blz,Belize,1993,9901.51575,73.3,194902,4.21
blz,Belize,1994,9722.61941,72.9,199097,3.97
blz,Belize,1995,9573.33828,72.6,204146,3.88
blz,Belize,1996,9422.18769,72.2,210310,3.76
blz,Belize,1997,9506.54304,71.7,217446,3.74
blz,Belize,1998,9555.7435,71.2,225173,3.75
blz,Belize,1999,10117.25754,70.8,233059,3.73
blz,Belize,2000,11031.56911,70.3,240799,3.63
blz,Belize,2001,11261.79789,70.6,248379,3.53
blz,Belize,2002,11548.02347,71.3,256009,3.43
blz,Belize,2003,12326.98025,71.5,263780,3.34
blz,Belize,2004,12578.82112,71.9,271688,3.25
blz,Belize,2005,12529.80251,72.2,279731,3.17
blz,Belize,2006,12761.70199,72.7,287878,3.02
blz,Belize,2007,12847.1043,73,296100,2.89
blz,Belize,2008,12342.61143,73.4,304361,2.78
blz,Belize,2009,11999.14883,73.6,312614,2.66
blz,Belize,2010,11868.43824,73.8,320245,2.55
blz,Belize,2011,11584.28516,73.9,327298,2.53
blz,Belize,2012,11761.56391,74.1,334414,2.51
blz,Belize,2013,12026.0711,74.2,341627,2.5
blz,Belize,2014,12249.22142,74.1,348923,2.47
blz,Belize,2015,12339.48074,74.1,356333,2.43
blz,Belize,2016,12062.79817,74.1,364705,2.4
blz,Belize,2017,11574.45245,74.2,373202,2.37
blz,Belize,2018,11486.80294,74.3,380226,2.34
blz,Belize,2019,11803.088,74.4,385829,2.14
bol,Bolivia,1990,4992.35571,63,7130142,4.9
bol,Bolivia,1991,5153.46557,63.2,7280289,4.85
bol,Bolivia,1992,5138.02442,63.5,7430336,4.71
bol,Bolivia,1993,5258.47946,64,7579195,4.59
bol,Bolivia,1994,5404.70405,64.5,7727322,4.49
bol,Bolivia,1995,5558.38215,65,7874676,4.41
bol,Bolivia,1996,5701.95432,65.3,8021736,4.34
bol,Bolivia,1997,5885.07522,65.8,8167900,4.22
bol,Bolivia,1998,6080.05529,66.1,8313394,4.15
bol,Bolivia,1999,6007.43338,66.5,8459806,4.09
bol,Bolivia,2000,6060.87479,66.8,8606326,3.99
bol,Bolivia,2001,6066.93577,67.1,8752736,3.89
bol,Bolivia,2002,6122.5081,67.3,8900355,3.8
bol,Bolivia,2003,6192.03689,67.6,9050700,3.72
bol,Bolivia,2004,6351.81087,67.8,9204287,3.63
bol,Bolivia,2005,6531.13931,68,9360754,3.56
bol,Bolivia,2006,6738.86198,68.2,9521689,3.53
bol,Bolivia,2007,6937.27474,68.5,9685960,3.45
bol,Bolivia,2008,7251.2802600000005,68.8,9850858,3.36
bol,Bolivia,2009,7381.66073,69.1,10016275,3.29
bol,Bolivia,2010,7571.67809,69.4,10182345,3.21
bol,Bolivia,2011,7837.49319,69.6,10348929,3.14
bol,Bolivia,2012,8108.20519,69.8,10515807,3.08
bol,Bolivia,2013,8524.03213,70,10682608,3.01
bol,Bolivia,2014,8851.71163,70.3,10848888,2.95
bol,Bolivia,2015,9141.92841,70.6,11014705,2.89
bol,Bolivia,2016,9390.79064,70.8,11180020,2.83
bol,Bolivia,2017,9642.81396,71.1,11344587,2.78
bol,Bolivia,2018,9907.06257,71.3,11508368,2.73
bol,Bolivia,2019,9985.23049,71.5,11671386,2.69
bra,Brazil,1990,11974.05883,69.7,149143223,2.9
bra,Brazil,1991,11965.06046,70.3,151724256,2.81
bra,Brazil,1992,11770.46976,70.3,154275079,2.71
bra,Brazil,1993,12216.36535,70,156794577,2.66
bra,Brazil,1994,12794.28506,70.3,159265006,2.6
bra,Brazil,1995,13191.52124,70.7,161735073,2.57
bra,Brazil,1996,13337.20955,71,164202549,2.51
bra,Brazil,1997,13639.39084,71.5,166661659,2.47
bra,Brazil,1998,13531.6709,71.8,169159655,2.42
bra,Brazil,1999,13441.32405,72.1,171641543,2.34
bra,Brazil,2000,13877.23439,72.4,174018282,2.25
bra,Brazil,2001,13920.8243,72.7,176301203,2.16
bra,Brazil,2002,14197.89149,73,178503484,2.08
bra,Brazil,2003,14215.68904,73.2,180622688,2.01
bra,Brazil,2004,14886.34538,73.4,182675143,1.97
bra,Brazil,2005,15212.23538,74,184688101,1.94
bra,Brazil,2006,15660.71617,74.3,186653106,1.9
bra,Brazil,2007,16451.32711,74.5,188552320,1.85
bra,Brazil,2008,17126.52233,74.7,190367302,1.82
bra,Brazil,2009,16948.73547,74.8,192079951,1.8
bra,Brazil,2010,18062.15811,74.9,193701929,1.79
bra,Brazil,2011,18627.81045,75,195284734,1.78
bra,Brazil,2012,18832.21955,75.3,196876111,1.77
bra,Brazil,2013,19241.50598,75.5,198478299,1.76
bra,Brazil,2014,19183.17274,75.7,200085127,1.78
bra,Brazil,2015,18357.06906,75.8,201675532,1.78
bra,Brazil,2016,17620.92724,75.8,203218114,1.73
bra,Brazil,2017,17724.47996,76.1,204703445,1.74
bra,Brazil,2018,17917.74921,76.5,206107261,1.74
bra,Brazil,2019,18018.62092,76.7,207455459,1.71
brb,Barbados,1990,17083.36508,74,258582,1.84
brb,Barbados,1991,16308.13475,74,259373,1.84
brb,Barbados,1992,15279.617,74,260267,1.8
brb,Barbados,1993,15310.62552,74,261027,1.77
brb,Barbados,1994,15542.83966,74.1,261620,1.73
brb,Barbados,1995,15794.43109,74.1,262039,1.7
brb,Barbados,1996,16372.40823,74.3,262284,1.67
brb,Barbados,1997,17105.08605,74.4,262392,1.65
brb,Barbados,1998,17710.66769,74.9,262436,1.62
brb,Barbados,1999,17743.62418,75.2,262517,1.78
brb,Barbados,2000,18548.02361,75.3,262063,1.93
brb,Barbados,2001,18080.68091,75.6,262425,1.96
brb,Barbados,2002,18119.64226,75.7,264148,1.86
brb,Barbados,2003,18418.65422,75.6,265776,1.86
brb,Barbados,2004,18595.68699,75.8,267298,1.8
brb,Barbados,2005,19260.31628,76.1,268706,1.74
brb,Barbados,2006,20363.39007,76.2,270002,1.7
brb,Barbados,2007,20728.77509,76.3,271288,1.76
brb,Barbados,2008,20801.28824,76.5,272714,1.76
brb,Barbados,2009,19713.49606,76.8,274123,1.77
brb,Barbados,2010,19253.40887,77.1,275243,1.79
brb,Barbados,2011,19050.56737,77.2,276139,1.76
brb,Barbados,2012,18936.08881,77.4,276938,1.73
brb,Barbados,2013,18695.68329,77.4,277665,1.73
brb,Barbados,2014,18665.17698,77.4,278348,1.73
brb,Barbados,2015,18464.66309,77.3,278990,1.73
brb,Barbados,2016,18754.66514,77.3,279598,1.72
brb,Barbados,2017,18740.34883,77.3,280171,1.72
brb,Barbados,2018,18484.69764,77.2,280711,1.72
brb,Barbados,2019,18572.50954,77.1,281207,1.72
brn,Brunei,1990,116695.1293,71.8,255292,3.29
brn,Brunei,1991,116886.5801,72.1,262596,3.21
brn,Brunei,1992,112469.0835,72.3,269839,3.11
brn,Brunei,1993,109020.7557,72.6,276971,3.01
brn,Brunei,1994,107751.536,72.9,284091,2.9
brn,Brunei,1995,107108.8942,73,291195,2.79
brn,Brunei,1996,104982.3766,73.3,298276,2.68
brn,Brunei,1997,107334.5286,73.5,305341,2.6
brn,Brunei,1998,98939.50183,73.7,312385,2.53
brn,Brunei,1999,100555.5682,74,319411,2.46
brn,Brunei,2000,101598.6423,74.1,326424,2.4
brn,Brunei,2001,100990.246,74.4,333345,2.34
brn,Brunei,2002,102751.4651,74.6,340099,2.26
brn,Brunei,2003,104211.3871,74.9,346637,2.19
brn,Brunei,2004,102368.0208,75.1,352911,2.1
brn,Brunei,2005,100544.8503,75.3,358916,2.02
brn,Brunei,2006,102890.0897,75.6,364663,1.97
brn,Brunei,2007,97391.78044,75.9,370873,1.93
brn,Brunei,2008,91747.44947,76.1,377793,1.92
brn,Brunei,2009,88113.30075,76.4,384952,1.92
brn,Brunei,2010,88586.51319,76.5,392332,1.94
brn,Brunei,2011,90279.66334,76.8,399389,1.96
brn,Brunei,2012,89718.46366,77,405557,1.97
brn,Brunei,2013,86606.65172,77,411202,1.98
brn,Brunei,2014,83310.61506,77.2,416750,1.97
brn,Brunei,2015,81910.1884,77.3,422212,1.95
brn,Brunei,2016,78880.62291,77.4,427564,1.92
brn,Brunei,2017,78966.8643,77.6,432772,1.88
brn,Brunei,2018,78099.05077,77.8,437810,1.85
brn,Brunei,2019,80228.15966,78,442680,1.82
btn,Bhutan,1990,3332.64105,59.4,589287,5.6
btn,Bhutan,1991,3273.82793,59.7,599784,5.45
btn,Bhutan,1992,3524.84225,60.2,577774,5.27
btn,Bhutan,1993,3716.5367,60.6,554673,5.07
btn,Bhutan,1994,3910.88684,61,554497,4.87
btn,Bhutan,1995,4230.69741,61.5,547989,4.62
btn,Bhutan,1996,4459.91048,62,548784,4.37
btn,Bhutan,1997,4626.78748,62.3,558697,4.09
btn,Bhutan,1998,4817.11801,63,569435,3.85
btn,Bhutan,1999,5096.58673,63.6,582579,3.61
btn,Bhutan,2000,5180.90553,63.4,596863,3.38
btn,Bhutan,2001,5451.89782,64.5,610794,3.19
btn,Bhutan,2002,5904.19659,65,624409,3.01
btn,Bhutan,2003,6243.53003,65.4,637663,2.87
btn,Bhutan,2004,6452.59428,65.9,650544,2.78
btn,Bhutan,2005,6795.21887,66.4,661865,2.73
btn,Bhutan,2006,7099.1339,67,670799,2.66
btn,Bhutan,2007,8164.68035,67.6,678641,2.59
btn,Bhutan,2008,8449.9188,68.2,686351,2.48
btn,Bhutan,2009,9007.33496,68.8,693988,2.36
btn,Bhutan,2010,9985.28456,69.4,701632,2.25
btn,Bhutan,2011,10714.68657,69.8,709377,2.16
btn,Bhutan,2012,11143.94454,70.1,717279,2.07
btn,Bhutan,2013,11212.47943,70.5,725273,2
btn,Bhutan,2014,11744.51891,70.8,733139,1.92
btn,Bhutan,2015,12400.29832,71.1,740618,1.84
btn,Bhutan,2016,13320.9759,71.4,747866,1.74
btn,Bhutan,2017,13482.34253,71.7,754335,1.62
btn,Bhutan,2018,13854.8544,71.9,759759,1.52
btn,Bhutan,2019,14555.1884,72.2,764824,1.45
bwa,Botswana,1990,9377.62142,64.4,1305696,4.51
bwa,Botswana,1991,9915.06233,64,1341756,4.37
bwa,Botswana,1992,10027.58978,63.3,1380033,4.26
bwa,Botswana,1993,10028.72605,62.3,1420115,4.15
bwa,Botswana,1994,10202.94949,61,1460023,4.02
bwa,Botswana,1995,10730.52132,59.5,1498836,3.79
bwa,Botswana,1996,11172.17407,57.5,1535914,3.57
bwa,Botswana,1997,11911.13165,55.1,1571691,3.43
bwa,Botswana,1998,11792.3164,52.6,1606899,3.36
bwa,Botswana,1999,12743.23315,50.7,1641997,3.31
bwa,Botswana,2000,12805.35493,48.8,1677382,3.29
bwa,Botswana,2001,12650.07463,47.3,1712254,3.25
bwa,Botswana,2002,13235.91825,48.2,1744763,3.18
bwa,Botswana,2003,13667.95523,51.9,1775736,3.11
bwa,Botswana,2004,13847.1077,57.1,1807146,3.06
bwa,Botswana,2005,14266.72898,60.8,1839877,3.08
bwa,Botswana,2006,15214.66543,61,1874516,3.11
bwa,Botswana,2007,15834.79471,63.7,1911201,3.13
bwa,Botswana,2008,16054.36712,64.4,1949970,3.13
bwa,Botswana,2009,13514.87906,65.1,1990673,3.13
bwa,Botswana,2010,14545.01981,65.8,2033111,3.14
bwa,Botswana,2011,15236.71888,66.3,2073535,3.1
bwa,Botswana,2012,14957.61891,66.9,2108617,3.07
bwa,Botswana,2013,16369.42529,67.3,2140682,3.05
bwa,Botswana,2014,17052.1924,67.8,2172044,3.03
bwa,Botswana,2015,15994.9643,68,2203273,3.01
bwa,Botswana,2016,16905.58874,68.3,2234776,2.99
bwa,Botswana,2017,17352.89584,68.8,2266747,2.97
bwa,Botswana,2018,17825.01857,69,2299141,2.94
bwa,Botswana,2019,18106.01054,69.2,2332083,2.91
caf,Central African Republic,1990,1447.41467,48.5,2871910,6.05
caf,Central African Republic,1991,1404.6979,47.8,2963191,6.03
caf,Central African Republic,1992,1292.78726,47.1,3058831,5.96
caf,Central African Republic,1993,1254.9389,46.2,3157839,5.93
caf,Central African Republic,1994,1277.18117,45.5,3257954,5.92
caf,Central African Republic,1995,1328.33636,45,3348052,5.94
caf,Central African Republic,1996,1234.73884,44.4,3435965,5.96
caf,Central African Republic,1997,1268.30531,44.1,3531700,5.92
caf,Central African Republic,1998,1293.54911,44,3628827,5.89
caf,Central African Republic,1999,1309.98937,44.1,3729450,5.88
caf,Central African Republic,2000,1251.66767,44.4,3833416,5.85
caf,Central African Republic,2001,1272.83459,44.7,3919487,5.81
caf,Central African Republic,2002,1284.59771,45.2,4006077,5.79
caf,Central African Republic,2003,1185.51422,45.9,4103086,5.8
caf,Central African Republic,2004,1227.64332,46.5,4192826,5.78
caf,Central African Republic,2005,1214.27096,47.3,4288810,5.81
caf,Central African Republic,2006,1247.43849,48.1,4377579,5.84
caf,Central African Republic,2007,1280.71356,49.1,4462770,5.87
caf,Central African Republic,2008,1280.95449,50.3,4558984,5.9
caf,Central African Republic,2009,1399.56732,50.8,4529047,5.94
caf,Central African Republic,2010,1479.41368,50.8,4492995,5.96
caf,Central African Republic,2011,1517.14839,50.8,4565021,6.01
caf,Central African Republic,2012,1577.98053,51.4,4610848,6.05
caf,Central African Republic,2013,996.89636,50.5,4642419,6.08
caf,Central African Republic,2014,1001.85598,50.9,4623182,6.1
caf,Central African Republic,2015,1043.92172,52.4,4629320,6.13
caf,Central African Republic,2016,1073.94478,52.9,4713663,6.13
caf,Central African Republic,2017,1103.86609,52.6,4793511,6.13
caf,Central African Republic,2018,1125.70092,53.5,4878657,6.11
caf,Central African Republic,2019,1145.09564,53.8,4944703,6.09
can,Canada,1990,40388.54831,77.4,27789443,1.7
can,Canada,1991,39082.65512,77.6,28157158,1.72
can,Canada,1992,38995.66778,77.8,28500059,1.72
can,Canada,1993,39618.65062,77.8,28830637,1.69
can,Canada,1994,40976.69364,77.9,29147381,1.69
can,Canada,1995,41665.45111,78.1,29459131,1.67
can,Canada,1996,41942.68596,78.3,29767206,1.63
can,Canada,1997,43322.85132,78.5,30059089,1.57
can,Canada,1998,44649.83236,78.7,30329969,1.55
can,Canada,1999,46579.77942,79,30599456,1.54
can,Canada,2000,48531.94581,79.3,30891803,1.51
can,Canada,2001,48907.58879,79.6,31213577,1.53
can,Canada,2002,49832.67542,79.7,31535577,1.51
can,Canada,2003,50273.67479,79.9,31836482,1.54
can,Canada,2004,51339.96742,80.2,32132678,1.55
can,Canada,2005,52476.82097,80.4,32440173,1.57
can,Canada,2006,53301.87205,80.7,32759171,1.61
can,Canada,2007,53848.94902,80.8,33092171,1.66
can,Canada,2008,53774.36923,80.9,33449085,1.68
can,Canada,2009,51584.35178,81.2,33826370,1.68
can,Canada,2010,52558.44081,81.5,34196899,1.64
can,Canada,2011,53681.12967,81.7,34555452,1.63
can,Canada,2012,54034.80348,81.9,34922516,1.63
can,Canada,2013,54712.17842,81.9,35293433,1.61
can,Canada,2014,55723.48354,82,35634264,1.61
can,Canada,2015,55660.86753,82,35962234,1.6
can,Canada,2016,55606.15492,82.1,36353343,1.59
can,Canada,2017,56612.32854,82.1,36808497,1.55
can,Canada,2018,57337.49091,82.2,37295005,1.51
can,Canada,2019,57583.8458,82.3,37782935,1.48
che,Switzerland,1990,58149.84624,77.7,6713173,1.58
che,Switzerland,1991,57458.04466,77.9,6796943,1.58
che,Switzerland,1992,57328.27953,78.1,6875051,1.57
che,Switzerland,1993,57232.46487,78.4,6938106,1.51
che,Switzerland,1994,57970.654,78.6,6993587,1.49
che,Switzerland,1995,58305.71879,78.8,7040477,1.48
che,Switzerland,1996,58754.76715,79.1,7071883,1.5
che,Switzerland,1997,60341.2315,79.4,7089163,1.48
che,Switzerland,1998,62354.18708,79.7,7110291,1.47
che,Switzerland,1999,63439.414,79.9,7144121,1.48
che,Switzerland,2000,65911.90228,80.1,7184007,1.49
che,Switzerland,2001,66819.6546,80.4,7226391,1.39
che,Switzerland,2002,66551.52824,80.6,7278752,1.38
che,Switzerland,2003,66274.24755,80.8,7333447,1.38
che,Switzerland,2004,67806.4892,81.2,7384194,1.41
che,Switzerland,2005,69407.28865,81.4,7431823,1.42
che,Switzerland,2006,71913.81445,81.7,7478509,1.43
che,Switzerland,2007,74172.04891,81.9,7545381,1.45
che,Switzerland,2008,75340.96646,82.1,7641728,1.48
che,Switzerland,2009,72723.57395,82.2,7737645,1.49
che,Switzerland,2010,74290.26196,82.4,7825753,1.52
che,Switzerland,2011,74800.88864,82.7,7914372,1.51
che,Switzerland,2012,74883.61589,82.8,7998926,1.52
che,Switzerland,2013,75354.15505,82.9,8091202,1.51
che,Switzerland,2014,76189.60184,83.1,8190235,1.53
che,Switzerland,2015,76566.07725,83.2,8283934,1.54
che,Switzerland,2016,77301.21243,83.4,8374901,1.54
che,Switzerland,2017,77626.90274,83.6,8453628,1.52
che,Switzerland,2018,79261.35636,83.7,8516344,1.51
che,Switzerland,2019,79596.70295,83.9,8577524,1.48
chl,Chile,1990,11657.76447,73.5,13437176,2.58
chl,Chile,1991,12295.5406,74.2,13662491,2.56
chl,Chile,1992,13444.56199,74.8,13884577,2.48
chl,Chile,1993,14060.3747,75,14102276,2.43
chl,Chile,1994,14501.62343,75.2,14316256,2.38
chl,Chile,1995,15580.62376,75.3,14527381,2.35
chl,Chile,1996,16394.76026,75.6,14734046,2.28
chl,Chile,1997,17277.31579,76.1,14932434,2.2
chl,Chile,1998,17670.68405,76.4,15127799,2.15
chl,Chile,1999,17326.0901,76.7,15319313,2.07
chl,Chile,2000,17899.00288,77,15503635,2.05
chl,Chile,2001,18203.3168,77.1,15683849,2.01
chl,Chile,2002,18507.13745,77.4,15857925,1.93
chl,Chile,2003,19112.96786,77.6,16024752,1.89
chl,Chile,2004,20129.54922,77.8,16187322,1.84
chl,Chile,2005,21053.24367,78.1,16348778,1.83
chl,Chile,2006,22076.29454,78.4,16509195,1.8
chl,Chile,2007,22953.69623,78.5,16671581,1.83
chl,Chile,2008,23554.10232,78.9,16838988,1.85
chl,Chile,2009,23031.25128,78.9,17009731,1.86
chl,Chile,2010,24116.76947,78.8,17181464,1.84
chl,Chile,2011,25366.26902,79.2,17351816,1.82
chl,Chile,2012,26670.49713,79.4,17519119,1.8
chl,Chile,2013,27291.35765,79.5,17687006,1.79
chl,Chile,2014,27505.04955,79.7,17864195,1.77
chl,Chile,2015,27811.37452,79.8,18047625,1.74
chl,Chile,2016,27958.7285,80.1,18267221,1.69
chl,Chile,2017,27892.99469,80.4,18558868,1.56
chl,Chile,2018,28492.66115,80.7,18893191,1.54
chl,Chile,2019,28218.53439,80.8,19197744,1.43
chn,China,1990,2137.8588,66.8,1153582724,2.51
chn,China,1991,2245.284,67,1170788528,1.93
chn,China,1992,2464.10795,67.3,1184574237,1.78
chn,China,1993,2721.46116,67.7,1197308575,1.69
chn,China,1994,2977.68725,68,1209003096,1.63
chn,China,1995,3222.91661,68.4,1220133927,1.59
chn,China,1996,3453.8791,68.8,1230944812,1.55
chn,China,1997,3664.53963,69.3,1241139622,1.53
chn,China,1998,3841.82319,69.7,1250847127,1.52
chn,China,1999,4055.66148,70,1260176655,1.53
chn,China,2000,4330.14292,70.3,1269581175,1.63
chn,China,2001,4616.19699,70.7,1278725063,1.56
chn,China,2002,4970.91269,71.2,1286866839,1.57
chn,China,2003,5389.66196,71.8,1294517326,1.57
chn,China,2004,5859.59286,72.4,1302100316,1.61
chn,China,2005,6453.21746,73,1310027136,1.62
chn,China,2006,7186.97235,73.7,1318054036,1.64
chn,China,2007,8108.53713,74.3,1325813582,1.67
chn,China,2008,8799.84465,74.6,1333821016,1.7
chn,China,2009,9546.11114,75.4,1342522716,1.71
chn,China,2010,10476.31236,76,1351561514,1.69
chn,China,2011,11405.01728,76.7,1360250664,1.67
chn,China,2012,12217.85432,77.3,1369520864,1.8
chn,China,2013,13080.82882,77.8,1379008040,1.71
chn,China,2014,13968.58149,78.2,1387951972,1.77
chn,China,2015,14856.78076,78.4,1396134174,1.67
chn,China,2016,15772.76476,78.4,1404052632,1.77
chn,China,2017,16757.97363,78.6,1412354727,1.8
chn,China,2018,17806.79023,79.2,1419008956,1.54
chn,China,2019,18820.5131,80.1,1423520357,1.5
civ,Cote d'Ivoire,1990,4382.00012,54.5,12189778,6.72
civ,Cote d'Ivoire,1991,4270.57637,54.1,12683870,6.59
civ,Cote d'Ivoire,1992,4162.37855,53.6,13200310,6.43
civ,Cote d'Ivoire,1993,4052.779,53,13735951,6.27
civ,Cote d'Ivoire,1994,3973.74492,52.5,14287201,6.13
civ,Cote d'Ivoire,1995,4136.58843,52,14855565,6.04
civ,Cote d'Ivoire,1996,4348.17291,51.8,15442312,5.95
civ,Cote d'Ivoire,1997,4617.22563,51.6,16047170,5.9
civ,Cote d'Ivoire,1998,4702.02738,51.6,16663948,5.85
civ,Cote d'Ivoire,1999,4657.74466,51.8,17215935,5.81
civ,Cote d'Ivoire,2000,4549.02362,52,17699004,5.77
civ,Cote d'Ivoire,2001,4385.22538,52.8,18178913,5.7
civ,Cote d'Ivoire,2002,4196.07952,53.3,18654771,5.64
civ,Cote d'Ivoire,2003,3941.89109,54.2,19125542,5.57
civ,Cote d'Ivoire,2004,3987.0524,54.9,19595000,5.53
civ,Cote d'Ivoire,2005,3956.21195,56.1,20068458,5.5
civ,Cote d'Ivoire,2006,3990.13542,57.2,20546802,5.45
civ,Cote d'Ivoire,2007,3960.4846,58.1,21030558,5.4
civ,Cote d'Ivoire,2008,4069.77716,58.9,21514439,5.36
civ,Cote d'Ivoire,2009,4138.37014,59.4,21997940,5.33
civ,Cote d'Ivoire,2010,4338.65248,59.6,22488065,5.29
civ,Cote d'Ivoire,2011,4017.40782,59.8,22982000,5.24
civ,Cote d'Ivoire,2012,4234.18056,60.1,23467078,5.19
civ,Cote d'Ivoire,2013,4597.18635,60.3,23939775,5.14
civ,Cote d'Ivoire,2014,4907.5745,60.8,24527395,5.07
civ,Cote d'Ivoire,2015,5110.86241,61.1,25246342,4.97
civ,Cote d'Ivoire,2016,5320.84646,61.7,25989405,4.87
civ,Cote d'Ivoire,2017,5556.11366,62.3,26733372,4.76
civ,Cote d'Ivoire,2018,5670.20005,62.9,27464173,4.6
civ,Cote d'Ivoire,2019,5894.87875,63.5,28193009,4.52
cmr,Cameroon,1990,3848.34316,55,11331821,6.36
cmr,Cameroon,1991,3640.51066,55,11667180,6.32
cmr,Cameroon,1992,3469.10769,54.9,12006353,6.26
cmr,Cameroon,1993,3178.52095,54.7,12353131,6.16
cmr,Cameroon,1994,3149.47839,54.6,12704903,6.04
cmr,Cameroon,1995,3188.06737,54.1,13058516,5.92
cmr,Cameroon,1996,3270.37288,53.7,13414757,5.8
cmr,Cameroon,1997,3364.34086,53.2,13775214,5.71
cmr,Cameroon,1998,3462.45081,52.7,14144860,5.66
cmr,Cameroon,1999,3551.12885,52.3,14525140,5.6
cmr,Cameroon,2000,3621.82516,51.8,14912631,5.51
cmr,Cameroon,2001,3709.02314,51.9,15309490,5.44
cmr,Cameroon,2002,3796.465,51.8,15725528,5.44
cmr,Cameroon,2003,3916.11892,52.1,16160340,5.43
cmr,Cameroon,2004,4093.34117,52.9,16610487,5.44
cmr,Cameroon,2005,4096.94001,53.5,17074594,5.42
cmr,Cameroon,2006,4160.88698,53.7,17550407,5.37
cmr,Cameroon,2007,4242.1752,54.4,18049896,5.34
cmr,Cameroon,2008,4261.89362,54.9,18574056,5.29
cmr,Cameroon,2009,4268.0423,55.3,19113974,5.24
cmr,Cameroon,2010,4286.58303,55.7,19668066,5.15
cmr,Cameroon,2011,4307.85196,56.2,20232304,5.05
cmr,Cameroon,2012,4382.11121,56.7,20809529,4.98
cmr,Cameroon,2013,4473.57232,57,21402376,4.91
cmr,Cameroon,2014,4588.4865,57.4,22059893,4.84
cmr,Cameroon,2015,4698.66678,57.7,22763414,4.84
cmr,Cameroon,2016,4767.13186,58.7,23454161,4.84
cmr,Cameroon,2017,4797.97544,59.6,24128601,4.8
cmr,Cameroon,2018,4851.48004,60.2,24806383,4.74
cmr,Cameroon,2019,4882.3556,60.7,25506095,4.65
cod,"Congo, Dem. Rep.",1990,1781.63771,52.2,36684063,6.65
cod,"Congo, Dem. Rep.",1991,1604.51664,52.1,37925817,6.65
cod,"Congo, Dem. Rep.",1992,1411.96435,52.2,39228910,6.64
cod,"Congo, Dem. Rep.",1993,1197.77923,52,40656336,6.64
cod,"Congo, Dem. Rep.",1994,1111.42569,52,42626876,6.64
cod,"Congo, Dem. Rep.",1995,1094.0399,52.1,44433704,6.68
cod,"Congo, Dem. Rep.",1996,1073.67808,50.7,45296124,6.67
cod,"Congo, Dem. Rep.",1997,1006.13549,51.8,46029902,6.69
cod,"Congo, Dem. Rep.",1998,971.9337,52.1,47297600,6.7
cod,"Congo, Dem. Rep.",1999,910.95457,52.2,48912971,6.69
cod,"Congo, Dem. Rep.",2000,828.85463,52.5,50507442,6.7
cod,"Congo, Dem. Rep.",2001,794.37406,52.8,52132646,6.66
cod,"Congo, Dem. Rep.",2002,800.59337,52.8,53750524,6.61
cod,"Congo, Dem. Rep.",2003,828.0398,53.3,55343867,6.55
cod,"Congo, Dem. Rep.",2004,864.96169,54,56997741,6.53
cod,"Congo, Dem. Rep.",2005,896.68398,54.6,58775724,6.53
cod,"Congo, Dem. Rep.",2006,921.55178,55.2,60615908,6.55
cod,"Congo, Dem. Rep.",2007,955.42186,55.7,62477752,6.56
cod,"Congo, Dem. Rep.",2008,989.53891,56.1,64390664,6.58
cod,"Congo, Dem. Rep.",2009,990.8234,56.4,66412044,6.59
cod,"Congo, Dem. Rep.",2010,1031.25015,57.1,68563038,6.59
cod,"Congo, Dem. Rep.",2011,1066.57951,57.5,70849311,6.58
cod,"Congo, Dem. Rep.",2012,1104.66401,58,73254618,6.56
cod,"Congo, Dem. Rep.",2013,1158.28193,58.5,75789395,6.53
cod,"Congo, Dem. Rep.",2014,1225.70219,58.9,78403242,6.48
cod,"Congo, Dem. Rep.",2015,1267.90549,59.4,81035531,6.44
cod,"Congo, Dem. Rep.",2016,1253.15816,59.8,83956415,6.39
cod,"Congo, Dem. Rep.",2017,1253.18735,60.2,87083398,6.35
cod,"Congo, Dem. Rep.",2018,1282.48228,60.5,90047644,6.3
cod,"Congo, Dem. Rep.",2019,1296.94757,60.6,92947442,6.25
cog,"Congo, Rep.",1990,7454.49302,55.2,2380560,5.27
cog,"Congo, Rep.",1991,7522.95485,55,2449229,5.22
cog,"Congo, Rep.",1992,7603.79419,54.9,2519465,5.18
cog,"Congo, Rep.",1993,7401.64802,54.2,2595124,5.13
cog,"Congo, Rep.",1994,6872.5419,53.9,2673144,5.1
cog,"Congo, Rep.",1995,7028.46819,54,2749461,5.07
cog,"Congo, Rep.",1996,7236.19261,54,2826785,5.03
cog,"Congo, Rep.",1997,7084.17856,48.1,2887862,5
cog,"Congo, Rep.",1998,7254.4834,52.4,2952061,4.91
cog,"Congo, Rep.",1999,6939.87824,54.4,3032874,4.81
cog,"Congo, Rep.",2000,7242.9104,55.2,3151345,4.72
cog,"Congo, Rep.",2001,7294.20583,56.5,3272537,4.67
cog,"Congo, Rep.",2002,7502.37544,57,3350771,4.7
cog,"Congo, Rep.",2003,7398.52442,57.5,3445753,4.7
cog,"Congo, Rep.",2004,7436.93638,58.4,3565554,4.69
cog,"Congo, Rep.",2005,7763.52189,59.2,3696393,4.67
cog,"Congo, Rep.",2006,8098.86813,60,3837409,4.65
cog,"Congo, Rep.",2007,7334.53258,60.4,3980430,4.65
cog,"Congo, Rep.",2008,7563.11272,61.1,4113517,4.73
cog,"Congo, Rep.",2009,8123.95003,61.7,4281219,4.81
cog,"Congo, Rep.",2010,8583.6618,62,4462290,4.85
cog,"Congo, Rep.",2011,8492.42098,62.6,4609724,4.83
cog,"Congo, Rep.",2012,9079.68656,62.7,4740450,4.79
cog,"Congo, Rep.",2013,8798.49382,63,4857099,4.73
cog,"Congo, Rep.",2014,9159.25664,63.2,4975880,4.67
cog,"Congo, Rep.",2015,8977.70682,63.4,5097581,4.61
cog,"Congo, Rep.",2016,8001.82552,63.5,5222536,4.55
cog,"Congo, Rep.",2017,7372.77047,63.7,5351011,4.5
cog,"Congo, Rep.",2018,7029.33652,63.8,5483118,4.44
cog,"Congo, Rep.",2019,6939.36913,63.7,5616661,4.38
col,Colombia,1990,10076.56366,71.9,32440069,3
col,Colombia,1991,10077.77018,72,33098372,2.98
col,Colombia,1992,10282.19211,72.2,33760571,2.98
col,Colombia,1993,10627.04596,72.6,34441473,2.98
col,Colombia,1994,11007.84461,72.9,35127410,2.94
col,Colombia,1995,11360.93228,73.2,35804662,2.85
col,Colombia,1996,11383.98264,73.4,36462745,2.77
col,Colombia,1997,11569.62746,74,37121149,2.74
col,Colombia,1998,11426.77857,74.2,37792165,2.72
col,Colombia,1999,10758.89168,74,38454863,2.64
col,Colombia,2000,10888.18673,73.8,39089934,2.57
col,Colombia,2001,10894.52373,74,39709262,2.52
col,Colombia,2002,10992.22787,74.2,40324680,2.49
col,Colombia,2003,11245.90019,75.1,40937429,2.45
col,Colombia,2004,11665.76625,75.7,41543171,2.38
col,Colombia,2005,12049.36378,76.3,42128977,2.31
col,Colombia,2006,12679.47727,76.6,42691084,2.24
col,Colombia,2007,13353.26412,77,43235374,2.2
col,Colombia,2008,13615.83592,77.3,43758808,2.16
col,Colombia,2009,13600.03139,77.7,44271541,2.1
col,Colombia,2010,14037.06427,78,44777319,2.01
col,Colombia,2011,14852.36995,78.6,45259614,1.94
col,Colombia,2012,15279.479,78.9,45715810,1.9
col,Colombia,2013,15912.24713,79.2,46151584,1.86
col,Colombia,2014,16480.36315,79.3,46565429,1.82
col,Colombia,2015,16821.38014,79.3,46969940,1.77
col,Colombia,2016,17003.24437,79.4,47437512,1.72
col,Colombia,2017,16986.03342,79.6,48131078,1.72
col,Colombia,2018,17104.13135,79.6,49024465,1.72
col,Colombia,2019,17336.7716,80,49907985,1.71
com,Comoros,1990,2069.78692,66.5,444596,6.51
com,Comoros,1991,1970.96424,66.9,455556,6.35
com,Comoros,1992,2114.42547,67.3,465113,6.19
com,Comoros,1993,2155.46837,67.8,473682,6.02
com,Comoros,1994,2020.8948,68.2,482142,5.86
com,Comoros,1995,2072.25939,68.7,490586,5.73
com,Comoros,1996,2024.47895,67.7,499107,5.63
com,Comoros,1997,2083.98945,69.3,507777,5.51
com,Comoros,1998,2087.14812,69.2,516597,5.39
com,Comoros,1999,2101.98632,70.5,525886,5.28
com,Comoros,2000,2273.33458,70.1,536080,5.23
com,Comoros,2001,2294.63481,71.2,547220,5.2
com,Comoros,2002,2314.18283,71.1,558923,5.16
com,Comoros,2003,2332.14917,72,569798,5.12
com,Comoros,2004,2346.10974,72.8,580704,5.07
com,Comoros,2005,2377.91779,72.7,592677,5.01
com,Comoros,2006,2416.55885,73.3,604753,4.93
com,Comoros,2007,2398.29711,72.7,616927,4.86
com,Comoros,2008,2454.34737,73.6,629307,4.81
com,Comoros,2009,2571.20352,73.2,641947,4.78
com,Comoros,2010,2652.35554,74.8,654836,4.76
com,Comoros,2011,2752.95296,74.2,668056,4.72
com,Comoros,2012,2868.39987,75,681630,4.65
com,Comoros,2013,3059.11624,75.1,696192,4.57
com,Comoros,2014,3109.89566,74.8,711503,4.49
com,Comoros,2015,3105.59296,75.1,726682,4.42
com,Comoros,2016,3127.13212,75.4,741741,4.35
com,Comoros,2017,3236.986,75.5,756669,4.28
com,Comoros,2018,3303.25689,76,771590,4.21
com,Comoros,2019,3357.89791,75.7,786578,4.14
cpv,Cape Verde,1990,2043.33713,69.6,375428,5.36
cpv,Cape Verde,1991,2024.53361,69.6,384586,5.26
cpv,Cape Verde,1992,2150.38441,69.9,393415,5.12
cpv,Cape Verde,1993,2277.53878,70.1,401965,4.95
cpv,Cape Verde,1994,2590.59797,70.1,410228,4.72
cpv,Cape Verde,1995,2863.98683,68.1,418104,4.49
cpv,Cape Verde,1996,3106.39777,71.1,425581,4.26
cpv,Cape Verde,1997,3374.78541,71.3,432798,4.05
cpv,Cape Verde,1998,3714.96759,71.6,439784,3.9
cpv,Cape Verde,1999,4075.96393,71.8,446519,3.73
cpv,Cape Verde,2000,4548.5827,72.2,453317,3.55
cpv,Cape Verde,2001,4606.10486,72.5,460293,3.37
cpv,Cape Verde,2002,4778.18896,72.7,467046,3.19
cpv,Cape Verde,2003,4911.28625,72.9,473383,3.03
cpv,Cape Verde,2004,5314.50301,73.2,479370,2.9
cpv,Cape Verde,2005,5610.24679,73.5,485115,2.73
cpv,Cape Verde,2006,5990.66899,73.9,490728,2.56
cpv,Cape Verde,2007,6796.34351,73.8,496190,2.41
cpv,Cape Verde,2008,7191.44707,74.5,501355,2.3
cpv,Cape Verde,2009,7006.94046,74.7,506141,2.25
cpv,Cape Verde,2010,7072.1215,75,509784,2.33
cpv,Cape Verde,2011,7325.78442,74.9,511447,2.33
cpv,Cape Verde,2012,7397.82221,75,511955,2.15
cpv,Cape Verde,2013,7440.66243,75.1,512225,2.07
cpv,Cape Verde,2014,7491.02198,75.2,512326,2.03
cpv,Cape Verde,2015,7560.13649,75,512394,1.97
cpv,Cape Verde,2016,7881.30336,75.2,512554,1.97
cpv,Cape Verde,2017,8234.56,75.3,512893,1.93
cpv,Cape Verde,2018,8531.12962,75.1,513415,1.8
cpv,Cape Verde,2019,9111.62993,75.3,514104,1.7
cri,Costa Rica,1990,10704.10096,76.7,3121706,3.17
cri,Costa Rica,1991,10686.90857,76.7,3202176,3.08
cri,Costa Rica,1992,11390.84762,76.8,3284258,3
cri,Costa Rica,1993,11899.82419,76.8,3367434,2.93
cri,Costa Rica,1994,12134.531429999999,76.7,3451122,2.86
cri,Costa Rica,1995,12339.654630000001,76.7,3535176,2.78
cri,Costa Rica,1996,12220.60694,76.8,3619013,2.68
cri,Costa Rica,1997,12612.74196,77.2,3701711,2.59
cri,Costa Rica,1998,13231.92109,77.3,3782838,2.53
cri,Costa Rica,1999,13514.25831,77.4,3862101,2.48
cri,Costa Rica,2000,13782.50564,77.6,3937739,2.41
cri,Costa Rica,2001,14029.94754,77.9,4008947,2.31
cri,Costa Rica,2002,14292.54159,78.3,4075705,2.16
cri,Costa Rica,2003,14704.92674,78.5,4138784,2.08
cri,Costa Rica,2004,15154.97314,78.7,4200078,2.03
cri,Costa Rica,2005,15556.8969,79.1,4261240,2.04
cri,Costa Rica,2006,16492.96127,79.3,4321340,1.94
cri,Costa Rica,2007,17639.71114,79.7,4380248,1.95
cri,Costa Rica,2008,18260.81572,79.8,4440056,1.98
cri,Costa Rica,2009,17895.99829,79.9,4499791,1.95
cri,Costa Rica,2010,18660.91982,79.8,4555962,1.83
cri,Costa Rica,2011,19254.91422,79.9,4609833,1.88
cri,Costa Rica,2012,19960.79333,80,4663934,1.85
cri,Costa Rica,2013,20232.26708,80,4716147,1.78
cri,Costa Rica,2014,20724.92177,80,4767119,1.8
cri,Costa Rica,2015,21254.78409,80,4818038,1.8
cri,Costa Rica,2016,21925.60008,79.9,4866998,1.75
cri,Costa Rica,2017,22622.55345,80,4913177,1.71
cri,Costa Rica,2018,23005.31215,80.1,4957818,1.71
cri,Costa Rica,2019,23364.78313,80.4,4999553,1.6
cub,Cuba,1990,8471.93653,75.3,10631799,1.81
cub,Cuba,1991,7200.58324,75.4,10717640,1.66
cub,Cuba,1992,6184.81198,75.3,10785801,1.56
cub,Cuba,1993,4862.05989,75.3,10841031,1.49
cub,Cuba,1994,4938.90404,75.4,10886021,1.47
cub,Cuba,1995,5297.96321,75.6,10925362,1.48
cub,Cuba,1996,6054.18387,75.8,10962010,1.46
cub,Cuba,1997,6420.08488,76.2,10997934,1.59
cub,Cuba,1998,6439.50432,76.5,11034712,1.62
cub,Cuba,1999,6872.32882,76.8,11072230,1.64
cub,Cuba,2000,7647.73734,77.2,11109109,1.61
cub,Cuba,2001,8119.34692,77.5,11144132,1.6
cub,Cuba,2002,8434.14926,78,11177418,1.65
cub,Cuba,2003,8752.4162,78.1,11209383,1.63
cub,Cuba,2004,8910.08077,78.1,11238756,1.55
cub,Cuba,2005,9263.86702,78.1,11262554,1.49
cub,Cuba,2006,10706.87063,78.4,11278550,1.4
cub,Cuba,2007,11208.20457,78.6,11287272,1.44
cub,Cuba,2008,12013.21478,78.5,11291762,1.58
cub,Cuba,2009,12573.85408,78.5,11294719,1.68
cub,Cuba,2010,13316.87827,78.5,11297409,1.67
cub,Cuba,2011,14025.43823,78.8,11301571,1.73
cub,Cuba,2012,14450.5742,78.9,11303175,1.67
cub,Cuba,2013,14938.46834,78.7,11298167,1.68
cub,Cuba,2014,15442.55814,78.5,11285775,1.66
cub,Cuba,2015,15970.94142,78.4,11275065,1.69
cub,Cuba,2016,16049.89524,78.4,11265612,1.6
cub,Cuba,2017,16347.49043,78.2,11247829,1.59
cub,Cuba,2018,16728.08835,78.2,11227118,1.61
cub,Cuba,2019,16736.99081,78.3,11202846,1.54
cyp,Cyprus,1990,25494.36518,75,788351,2.4
cyp,Cyprus,1991,25192.58349,75.2,798944,2.34
cyp,Cyprus,1992,27005.16217,75.5,810341,2.46
cyp,Cyprus,1993,26707.0674,75.6,826034,2.25
cyp,Cyprus,1994,27865.32462,75.9,844667,2.16
cyp,Cyprus,1995,29909.31259,76,862695,2.03
cyp,Cyprus,1996,29960.92,76.1,880290,1.95
cyp,Cyprus,1997,30461.4128,76.2,897568,1.86
cyp,Cyprus,1998,32029.12605,76.3,914548,1.76
cyp,Cyprus,1999,33393.99497,76.8,931234,1.67
cyp,Cyprus,2000,35146.08645,77.1,947667,1.64
cyp,Cyprus,2001,36270.17002,77.4,964127,1.57
cyp,Cyprus,2002,37316.81467,77.7,981440,1.5
cyp,Cyprus,2003,37960.10239,77.9,999590,1.51
cyp,Cyprus,2004,39451.72924,78.1,1017875,1.51
cyp,Cyprus,2005,40867.72119,78.2,1036151,1.48
cyp,Cyprus,2006,42205.32005,78.5,1054418,1.51
cyp,Cyprus,2007,43535.21052,78.7,1072714,1.45
cyp,Cyprus,2008,44115.7042,78.9,1091026,1.48
cyp,Cyprus,2009,42175.14639,79.1,1109371,1.48
cyp,Cyprus,2010,42103.49219,79.3,1127816,1.43
cyp,Cyprus,2011,41213.87109,79.5,1146493,1.36
cyp,Cyprus,2012,39191.34766,79.6,1165397,1.38
cyp,Cyprus,2013,36694.82813,79.8,1183895,1.3
cyp,Cyprus,2014,36442.01172,79.9,1201801,1.31
cyp,Cyprus,2015,37903.125,80.1,1219502,1.32
cyp,Cyprus,2016,40209.86328,80.2,1237112,1.36
cyp,Cyprus,2017,42128.56641,80.3,1254275,1.32
cyp,Cyprus,2018,44227.91016,80.4,1270737,1.32
cyp,Cyprus,2019,46195.59375,80.3,1286671,1.33
cze,Czech Republic,1990,24986.32037,71.5,10301988,1.89
cze,Czech Republic,1991,22338.74406,71.9,10304426,1.84
cze,Czech Republic,1992,22395.61217,72.3,10312448,1.71
cze,Czech Republic,1993,22574.39415,72.7,10320398,1.65
cze,Czech Republic,1994,23407.15139,73.1,10322329,1.44
cze,Czech Republic,1995,25066.20402,73.3,10312042,1.28
cze,Czech Republic,1996,26335.7542,73.7,10296128,1.19
cze,Czech Republic,1997,26381.68137,74,10280051,1.17
cze,Czech Republic,1998,26476.22833,74.4,10265426,1.16
cze,Czech Republic,1999,27034.95194,74.7,10251378,1.14
cze,Czech Republic,2000,28370.00746,75,10236804,1.15
cze,Czech Republic,2001,29468.17141,75.3,10231936,1.15
cze,Czech Republic,2002,30123.97847,75.4,10239468,1.17
cze,Czech Republic,2003,31277.53326,75.6,10248912,1.18
cze,Czech Republic,2004,32890.10004,75.9,10261450,1.23
cze,Czech Republic,2005,35070.80206,76.3,10280153,1.28
cze,Czech Republic,2006,37423.03942,76.7,10304588,1.33
cze,Czech Republic,2007,39364.57918,77,10337543,1.44
cze,Czech Republic,2008,40164.41046,77.2,10378292,1.51
cze,Czech Republic,2009,38104.15407,77.4,10420985,1.51
cze,Czech Republic,2010,39097.38862,77.6,10464035,1.51
cze,Czech Republic,2011,39708.16263,77.8,10495511,1.43
cze,Czech Republic,2012,39347.0493,78.1,10507335,1.45
cze,Czech Republic,2013,39317.55357,78.3,10511163,1.46
cze,Czech Republic,2014,40158.01643,78.6,10517226,1.53
cze,Czech Republic,2015,42066.57598,78.8,10524416,1.59
cze,Czech Republic,2016,43069.46597,79,10531948,1.65
cze,Czech Republic,2017,45177.52261,79.1,10541342,1.72
cze,Czech Republic,2018,46301.08204,79.2,10548937,1.74
cze,Czech Republic,2019,47763.61655,79.3,10554875,1.75
deu,Germany,1990,39759.50503,75.6,79707959,1.46
deu,Germany,1991,41736.55093,75.7,80303196,1.34
deu,Germany,1992,42496.39621,76.1,80934898,1.31
deu,Germany,1993,42044.68,76.2,81486773,1.29
deu,Germany,1994,43202.63203,76.5,81773617,1.25
deu,Germany,1995,43965.05515,76.7,82019890,1.26
deu,Germany,1996,44479.79098,77,82263189,1.33
deu,Germany,1997,45435.29613,77.4,82389638,1.38
deu,Germany,1998,46559.1771,77.7,82011939,1.36
deu,Germany,1999,47687.0973,77.9,81678287,1.37
deu,Germany,2000,49166.3611,78.3,81797258,1.39
deu,Germany,2001,50045.1131,78.6,81933885,1.35
deu,Germany,2002,49997.86247,78.8,82068326,1.34
deu,Germany,2003,49816.02816,78.9,82111615,1.34
deu,Germany,2004,50512.77605,79.3,82092708,1.36
deu,Germany,2005,51073.62335,79.4,82046731,1.34
deu,Germany,2006,53177.1987,79.7,81701971,1.34
deu,Germany,2007,54860.79382,79.9,81298542,1.38
deu,Germany,2008,55513.4028,80.1,81110777,1.39
deu,Germany,2009,52592.0867,80.2,80935283,1.37
deu,Germany,2010,54865.43053,80.3,80830924,1.4
deu,Germany,2011,57992.36674,80.6,80857874,1.39
deu,Germany,2012,58158.13797,80.7,80916390,1.41
deu,Germany,2013,58223.64953,80.7,81041582,1.42
deu,Germany,2014,59239.3401,81,81376080,1.47
deu,Germany,2015,59699.33812,80.8,82077550,1.5
deu,Germany,2016,60578.28707,80.9,82760102,1.59
deu,Germany,2017,61991.49731,81,83104007,1.57
deu,Germany,2018,62495.49895,81.1,83368505,1.57
deu,Germany,2019,62970.71609,81.3,83559186,1.54
dji,Djibouti,1990,3044.7133,61.5,579538,5.93
dji,Djibouti,1991,2808.72587,61.8,631092,5.86
dji,Djibouti,1992,2887.77227,62.1,626010,5.75
dji,Djibouti,1993,2822.36287,61.4,614245,5.64
dji,Djibouti,1994,2787.40648,61.9,626710,5.51
dji,Djibouti,1995,2748.777,62.6,633074,5.33
dji,Djibouti,1996,2612.43559,62.8,648348,5.15
dji,Djibouti,1997,2563.97073,62.8,671817,4.97
dji,Djibouti,1998,2502.17419,62.7,699352,4.8
dji,Djibouti,1999,2521.82882,62.9,724218,4.69
dji,Djibouti,2000,2521.51529,63,747318,4.6
dji,Djibouti,2001,2557.02477,63.1,771313,4.52
dji,Djibouti,2002,2620.20795,63.1,795574,4.41
dji,Djibouti,2003,2722.54103,63.7,813519,4.3
dji,Djibouti,2004,2839.82841,63.4,826124,4.16
dji,Djibouti,2005,2968.8721,63.8,839167,4.04
dji,Djibouti,2006,3170.59332,63.7,855764,3.9
dji,Djibouti,2007,3368.59384,64.4,874528,3.76
dji,Djibouti,2008,3583.51384,64.6,892734,3.62
dji,Djibouti,2009,3618.53052,64.8,911527,3.52
dji,Djibouti,2010,3762.14345,64.9,930251,3.43
dji,Djibouti,2011,4054.74759,65.2,948558,3.34
dji,Djibouti,2012,4258.08707,65.5,966747,3.26
dji,Djibouti,2013,4469.0741,65.9,984824,3.19
dji,Djibouti,2014,4705.04927,66.3,1002717,3.12
dji,Djibouti,2015,4961.86819,66.4,1020313,3.04
dji,Djibouti,2016,5226.50026,66.9,1037653,2.97
dji,Djibouti,2017,5421.95649,67.1,1054841,2.92
dji,Djibouti,2018,5590.50427,67.6,1071882,2.86
dji,Djibouti,2019,5809.30455,67.7,1088709,2.8
dma,Dominica,1990,9089.07232,74.5,69627,3.09
dma,Dominica,1991,9403.18294,74.4,69296,3.15
dma,Dominica,1992,9756.3215,74.3,69325,3.18
dma,Dominica,1993,10045.06334,74.3,69433,3.2
dma,Dominica,1994,10210.51102,74.3,69477,2.96
dma,Dominica,1995,10632.87836,74.3,69469,2.71
dma,Dominica,1996,11146.90091,74.5,69410,2.55
dma,Dominica,1997,11585.87961,74.7,69299,2.41
dma,Dominica,1998,12195.58049,74.3,69124,2.32
dma,Dominica,1999,12421.84869,75,68870,2.46
dma,Dominica,2000,12874.84616,75.1,68511,2.35
dma,Dominica,2001,13047.95775,75.2,68288,2.4
dma,Dominica,2002,12779.05165,75.2,68367,2.16
dma,Dominica,2003,13649.60702,75.2,68531,2.08
dma,Dominica,2004,14299.28551,75.2,68649,2.02
dma,Dominica,2005,14528.24573,75.4,68734,2
dma,Dominica,2006,15283.57887,75.5,68806,2.07
dma,Dominica,2007,16225.64409,75.4,68847,2.02
dma,Dominica,2008,17510.53683,75.6,68854,1.97
dma,Dominica,2009,17425.80862,75.7,68864,1.92
dma,Dominica,2010,17516.78796,75.5,68859,1.89
dma,Dominica,2011,17475.04111,75.6,69053,1.86
dma,Dominica,2012,17431.1288,75.6,69118,1.83
dma,Dominica,2013,17282.6368,75.7,69715,1.78
dma,Dominica,2014,17520.85463,75.7,70373,1.71
dma,Dominica,2015,16920.91266,74.4,70410,1.65
dma,Dominica,2016,17364.0773,75.5,69606,1.58
dma,Dominica,2017,16314.22956,73.4,68496,1.54
dma,Dominica,2018,16877.12449,75.9,68174,1.52
dma,Dominica,2019,17619.433540000002,75.9,67880,1.5
dnk,Denmark,1990,43847.72888,75,5141025,1.66
dnk,Denmark,1991,44530.88861,75.2,5154345,1.69
dnk,Denmark,1992,45437.3738,75.3,5171367,1.76
dnk,Denmark,1993,45416.42687,75.2,5188637,1.75
dnk,Denmark,1994,47819.46913,75.4,5206190,1.8
dnk,Denmark,1995,49167.47801,75.4,5233360,1.8
dnk,Denmark,1996,50454.1103,75.7,5263068,1.75
dnk,Denmark,1997,51989.36147,76.1,5285035,1.75
dnk,Denmark,1998,53133.94754,76.4,5304262,1.72
dnk,Denmark,1999,54662.03012,76.5,5321810,1.73
dnk,Denmark,2000,56639.72033,76.9,5339658,1.77
dnk,Denmark,2001,57085.17502,77.1,5358828,1.74
dnk,Denmark,2002,57276.5858,77.2,5375959,1.73
dnk,Denmark,2003,57474.14866,77.5,5390620,1.76
dnk,Denmark,2004,59009.8913,77.8,5404598,1.78
dnk,Denmark,2005,60326.06387,78.1,5419555,1.8
dnk,Denmark,2006,62510.52475,78.3,5437420,1.84
dnk,Denmark,2007,62919.9468,78.4,5461607,1.84
dnk,Denmark,2008,62352.38563,78.8,5493764,1.88
dnk,Denmark,2009,58986.51834,79,5523173,1.84
dnk,Denmark,2010,59696.35452,79.3,5547863,1.86
dnk,Denmark,2011,60230.35418,79.7,5570849,1.75
dnk,Denmark,2012,60000.89031,80,5591917,1.72
dnk,Denmark,2013,60583.4065,80.3,5615333,1.67
dnk,Denmark,2014,61047.33372,80.6,5643794,1.69
dnk,Denmark,2015,61893.24606,80.8,5683701,1.71
dnk,Denmark,2016,63299.33777,80.9,5728201,1.78
dnk,Denmark,2017,64815.73078,81,5765168,1.75
dnk,Denmark,2018,65694.75913,81.1,5793824,1.73
dnk,Denmark,2019,66580.18814,81.4,5814618,1.7
dom,Dominican Republic,1990,6665.59455,70.9,7151166,3.41
dom,Dominican Republic,1991,6657.0443,71.3,7299853,3.35
dom,Dominican Republic,1992,7227.84269,71.6,7447474,3.29
dom,Dominican Republic,1993,7682.76033,72,7594572,3.23
dom,Dominican Republic,1994,7798.96874,72.4,7741694,3.16
dom,Dominican Republic,1995,8156.58946,72.7,7888115,3.1
dom,Dominican Republic,1996,8572.83191,72.8,8032894,3.04
dom,Dominican Republic,1997,9225.3976,73.2,8174078,2.92
dom,Dominican Republic,1998,9750.78017,73.4,8310362,2.84
dom,Dominican Republic,1999,10237.80096,73.8,8446208,2.85
dom,Dominican Republic,2000,10613.62976,74,8584190,2.87
dom,Dominican Republic,2001,10748.1998,74.2,8720283,2.83
dom,Dominican Republic,2002,11126.98037,74.4,8852235,2.76
dom,Dominican Republic,2003,10872.45789,74.5,8980620,2.7
dom,Dominican Republic,2004,11023.51759,74.4,9104892,2.64
dom,Dominican Republic,2005,11937.99638,74.7,9225034,2.57
dom,Dominican Republic,2006,12911.00071,74.9,9341183,2.51
dom,Dominican Republic,2007,13729.57546,75,9455658,2.51
dom,Dominican Republic,2008,14019.31898,75.1,9573130,2.55
dom,Dominican Republic,2009,13990.26825,75.1,9695265,2.57
dom,Dominican Republic,2010,14975.00101,75,9820175,2.56
dom,Dominican Republic,2011,15258.08581,74.8,9945621,2.53
dom,Dominican Republic,2012,15487.27764,74.5,10070411,2.5
dom,Dominican Republic,2013,16054.76773,74.4,10193833,2.47
dom,Dominican Republic,2014,16993.58744,74.3,10315528,2.45
dom,Dominican Republic,2015,17973.18703,74,10434829,2.43
dom,Dominican Republic,2016,18968.97524,73.8,10551430,2.41
dom,Dominican Republic,2017,19501.87431,73.7,10666843,2.4
dom,Dominican Republic,2018,20662.84859,73.6,10782053,2.4
dom,Dominican Republic,2019,21451.28644,73.4,10894043,2.37
dza,Algeria,1990,9808.17009,68.4,25375810,4.51
dza,Algeria,1991,9646.82978,68.9,25987928,4.37
dza,Algeria,1992,9755.45558,69.3,26628568,4.27
dza,Algeria,1993,9485.44217,69.7,27277048,4.08
dza,Algeria,1994,9345.85996,70,27887279,3.91
dza,Algeria,1995,9650.07633,70.2,28470191,3.49
dza,Algeria,1996,9987.59876,70.8,29033044,3.14
dza,Algeria,1997,10043.73117,71.1,29579301,2.89
dza,Algeria,1998,10513.70897,71.4,30054133,2.69
dza,Algeria,1999,10814.28121,71.8,30474354,2.62
dza,Algeria,2000,11174.92144,72.2,30903893,2.59
dza,Algeria,2001,11448.35008,72.5,31331221,2.52
dza,Algeria,2002,11995.66873,72.8,31750835,2.43
dza,Algeria,2003,12691.81772,72.9,32175818,2.45
dza,Algeria,2004,13141.18565,73.4,32628286,2.5
dza,Algeria,2005,13707.76136,73.7,33109249,2.56
dza,Algeria,2006,13917.79015,73.9,33623506,2.63
dza,Algeria,2007,14137.48114,74.1,34189416,2.7
dza,Algeria,2008,14237.54472,74.2,34816961,2.79
dza,Algeria,2009,14128.60865,74.4,35490445,2.83
dza,Algeria,2010,14496.42113,74.5,36188236,2.88
dza,Algeria,2011,14641.96409,74.6,36903376,2.9
dza,Algeria,2012,14697.53961,74.8,37646166,3
dza,Algeria,2013,14778.19143,74.9,38414171,3
dza,Algeria,2014,15073.76294,75,39205031,3.08
dza,Algeria,2015,15239.51715,75.1,40019529,3.09
dza,Algeria,2016,15511.685880000001,75.2,40850721,3.09
dza,Algeria,2017,15427.66419,75.3,41689299,3.09
dza,Algeria,2018,15343.42612,75.4,42505035,3.02
dza,Algeria,2019,15199.199,75.5,43294546,3
ecu,Ecuador,1990,8869.60584,70.9,10473673,3.68
ecu,Ecuador,1991,9127.24965,70.7,10702380,3.63
ecu,Ecuador,1992,9206.99814,71,10930128,3.58
ecu,Ecuador,1993,9224.62462,71.3,11154274,3.49
ecu,Ecuador,1994,9441.99823,71.6,11372197,3.42
ecu,Ecuador,1995,9482.59963,72,11590514,3.38
ecu,Ecuador,1996,9475.2017,72,11810950,3.35
ecu,Ecuador,1997,9711.34345,72,12031127,3.29
ecu,Ecuador,1998,9856.31187,71.9,12251184,3.23
ecu,Ecuador,1999,9235.34312,71.7,12470795,3.17
ecu,Ecuador,2000,9189.07161,71.8,12689206,3.1
ecu,Ecuador,2001,9420.20124,72,12910740,3.04
ecu,Ecuador,2002,9712.47644,72.4,13138472,2.97
ecu,Ecuador,2003,9819.84503,72.8,13372306,2.91
ecu,Ecuador,2004,10319.22268,73.2,13608701,2.85
ecu,Ecuador,2005,10685.98054,73.3,13846163,2.8
ecu,Ecuador,2006,10958.56386,73.6,14086131,2.75
ecu,Ecuador,2007,10976.96621,74.1,14328773,2.7
ecu,Ecuador,2008,11493.50756,74.7,14575202,2.69
ecu,Ecuador,2009,11413.55564,75.2,14825954,2.68
ecu,Ecuador,2010,11665.69786,75.8,15076695,2.62
ecu,Ecuador,2011,12449.07855,76.3,15326227,2.61
ecu,Ecuador,2012,12961.02674,76.9,15572194,2.51
ecu,Ecuador,2013,13689.15205,77.5,15807128,2.36
ecu,Ecuador,2014,14064.79922,78.1,16035124,2.27
ecu,Ecuador,2015,13881.57007,78.5,16266225,2.21
ecu,Ecuador,2016,13586.51608,78.5,16505139,2.12
ecu,Ecuador,2017,14179.15375,78.8,16759519,2.13
ecu,Ecuador,2018,14083.507,78.9,17049547,2.11
ecu,Ecuador,2019,13870.48951,78.8,17340021,2.04
egy,Egypt,1990,7143.51701,63.8,58396618,4.51
egy,Egypt,1991,7173.79022,64.5,60028997,4.32
egy,Egypt,1992,7386.89506,65.1,61480660,4.15
egy,Egypt,1993,7536.18156,65.3,62915681,3.99
egy,Egypt,1994,7746.86118,65.5,64285589,3.87
egy,Egypt,1995,8014.82187,65.9,65652622,3.76
egy,Egypt,1996,8317.1324,66.2,67028048,3.7
egy,Egypt,1997,8655.44958,66.4,68431740,3.68
egy,Egypt,1998,8991.5405,66.5,69943294,3.68
egy,Egypt,1999,9372.82134,66.9,71520954,3.6
egy,Egypt,2000,9804.51932,67.4,73083284,3.51
egy,Egypt,2001,9999.27693,67.3,74652029,3.46
egy,Egypt,2002,10072.53787,67.3,76239137,3.41
egy,Egypt,2003,10208.25965,67.3,77853548,3.35
egy,Egypt,2004,10432.81398,67.7,79477443,3.28
egy,Egypt,2005,10701.49106,68,81101004,3.25
egy,Egypt,2006,11220.50957,68.1,82700403,3.22
egy,Egypt,2007,11799.37304,68.4,84276225,3.24
egy,Egypt,2008,12407.23243,68.4,85864789,3.24
egy,Egypt,2009,12739.69042,68.5,87501636,3.26
egy,Egypt,2010,13128.98783,68.7,89196072,3.3
egy,Egypt,2011,13082.42637,68.8,91093059,3.31
egy,Egypt,2012,13076.80524,68.8,93161001,3.4
egy,Egypt,2013,13058.07482,69.2,95333553,3.49
egy,Egypt,2014,13136.36563,69.2,97528654,3.49
egy,Egypt,2015,13425.91196,69,99597342,3.5
egy,Egypt,2016,13727.32016,69.5,101644589,3.35
egy,Egypt,2017,14018.36059,70,103696057,3.31
egy,Egypt,2018,14488.20943,70.2,105682094,3.02
egy,Egypt,2019,15026.56824,70.5,107553158,2.87
eri,Eritrea,1990,826.75314,45,2032737,6.34
eri,Eritrea,1991,900.9705,45.7,1919571,6.24
eri,Eritrea,1992,983.84062,51.1,1798748,6.16
eri,Eritrea,1993,1125.39824,51.9,1856006,6.07
eri,Eritrea,1994,1377.73256,52.8,1913915,6.01
eri,Eritrea,1995,1424.24426,53.5,2025267,5.94
eri,Eritrea,1996,1562.07465,54.3,2128464,5.84
eri,Eritrea,1997,1687.6309,55,2152135,5.74
eri,Eritrea,1998,1705.46446,55.2,2180419,5.63
eri,Eritrea,1999,1683.15648,54.1,2212780,5.52
eri,Eritrea,2000,1470.36504,55.8,2247031,5.4
eri,Eritrea,2001,1552.31716,57.2,2312079,5.31
eri,Eritrea,2002,1531.23529,57.6,2392978,5.23
eri,Eritrea,2003,1428.35682,58,2493903,5.14
eri,Eritrea,2004,1401.6936,58.4,2598284,5.04
eri,Eritrea,2005,1406.10549,58.8,2661215,4.93
eri,Eritrea,2006,1371.76749,59.2,2703502,4.88
eri,Eritrea,2007,1373.89436,59.5,2743222,4.81
eri,Eritrea,2008,1094.6138,59.6,2816327,4.74
eri,Eritrea,2009,1196.4888,59.8,2887885,4.66
eri,Eritrea,2010,1306.466,60,2945186,4.57
eri,Eritrea,2011,1653.294,60.3,2998485,4.49
eri,Eritrea,2012,1696.833,60.6,3036988,4.41
eri,Eritrea,2013,1530.668,60.8,3074360,4.34
eri,Eritrea,2014,2020.603,61.4,3095173,4.27
eri,Eritrea,2015,1603.317,61.5,3105546,4.22
eri,Eritrea,2016,1720.68,61.8,3124698,4.16
eri,Eritrea,2017,1559.463,61.9,3150347,4.11
eri,Eritrea,2018,1765.072,62.2,3192760,4.06
eri,Eritrea,2019,1821.279,62.4,3240194,4
esp,Spain,1990,29891.57274,76.8,39084979,1.36
esp,Spain,1991,30796.14333,77,39201759,1.33
esp,Spain,1992,31130.60674,77.4,39420346,1.31
esp,Spain,1993,30746.48967,77.6,39651621,1.25
esp,Spain,1994,31494.09057,77.9,39858721,1.19
esp,Spain,1995,32419.39467,78,40052738,1.15
esp,Spain,1996,33257.2968,78.2,40237372,1.14
esp,Spain,1997,34440.83804,78.7,40423826,1.15
esp,Spain,1998,35913.286,78.8,40617440,1.13
esp,Spain,1999,37479.47157,78.9,40812857,1.17
esp,Spain,2000,39364.63231,79.4,41019774,1.21
esp,Spain,2001,40739.16636,79.7,41245599,1.23
esp,Spain,2002,41366.64971,79.8,41755704,1.25
esp,Spain,2003,41913.25931,79.8,42506543,1.29
esp,Spain,2004,42562.96373,80.3,43234566,1.31
esp,Spain,2005,43400.49882,80.4,43958885,1.33
esp,Spain,2006,44458.13989,80.9,44695448,1.36
esp,Spain,2007,45232.17425,81,45516507,1.38
esp,Spain,2008,44895.56756,81.3,46235054,1.44
esp,Spain,2009,42844.18943,81.6,46635180,1.38
esp,Spain,2010,42695.52742,82,46840471,1.37
esp,Spain,2011,42271.83468,82.2,46998043,1.34
esp,Spain,2012,41034.04816,82.2,47018323,1.32
esp,Spain,2013,40594.91401,82.6,46860389,1.28
esp,Spain,2014,41339.41112,82.8,46720188,1.32
esp,Spain,2015,43053.76143,82.6,46683686,1.33
esp,Spain,2016,44274.66761,82.9,46732771,1.33
esp,Spain,2017,45446.25086,83,46868596,1.31
esp,Spain,2018,46325.20994,83.1,47092821,1.26
esp,Spain,2019,46896.41711,83.3,47435119,1.23
est,Estonia,1990,20345.04717,70,1570303,2.04
est,Estonia,1991,18572.02839,69.6,1565383,1.8
est,Estonia,1992,15150.42035,69.1,1540212,1.7
est,Estonia,1993,14448.27137,68.7,1504342,1.49
est,Estonia,1994,14431.88453,67.9,1475714,1.41
est,Estonia,1995,15335.05271,68.7,1452777,1.37
est,Estonia,1996,16257.43562,69.3,1434651,1.36
est,Estonia,1997,18460.72154,69.8,1421496,1.31
est,Estonia,1998,19357.41721,70.2,1411203,1.27
est,Estonia,1999,19165.71375,70.5,1403578,1.29
est,Estonia,2000,20974.85794,70.9,1396997,1.35
est,Estonia,2001,22290.85904,71.2,1388171,1.32
est,Estonia,2002,23898.59735,71.5,1379435,1.35
est,Estonia,2003,25814.06126,71.9,1370850,1.37
est,Estonia,2004,27675.34626,72.3,1362676,1.47
est,Estonia,2005,30444.97207,72.7,1354848,1.52
est,Estonia,2006,33599.05985,73.2,1346880,1.58
est,Estonia,2007,36298.32759,73.7,1340705,1.69
est,Estonia,2008,34530.8009,74.2,1337074,1.72
est,Estonia,2009,29553.15493,74.9,1334528,1.7
est,Estonia,2010,30379.10913,75.5,1331448,1.72
est,Estonia,2011,32789.43238,76.1,1327358,1.62
est,Estonia,2012,34115.36222,76.5,1322616,1.56
est,Estonia,2013,34838.36295,76.9,1317919,1.52
est,Estonia,2014,36090.49409,77.2,1314452,1.54
est,Estonia,2015,36729.80725,77.6,1314576,1.58
est,Estonia,2016,37854.84525,77.8,1315849,1.6
est,Estonia,2017,39939.45756,78.1,1317425,1.6
est,Estonia,2018,41273.19955,78.4,1321965,1.67
est,Estonia,2019,42652.53486,78.8,1326822,1.66
eth,Ethiopia,1990,962.09165,44.5,47609755,7.2
eth,Ethiopia,1991,850.7098,45.8,49717198,7.16
eth,Ethiopia,1992,740.82403,46.3,51853747,7.13
eth,Ethiopia,1993,785.91049,46.6,53708891,7.09
eth,Ethiopia,1994,789.58654,46.9,55611508,7.05
eth,Ethiopia,1995,805.14145,47.3,57537335,7
eth,Ethiopia,1996,866.71967,47.9,59467635,6.93
eth,Ethiopia,1997,869.42415,48.6,61404539,6.87
eth,Ethiopia,1998,814.43772,49.3,63363524,6.79
eth,Ethiopia,1999,820.02852,49.2,65374561,6.72
eth,Ethiopia,2000,838.63896,49.7,67411494,6.65
eth,Ethiopia,2001,874.26297,51.9,69487762,6.58
eth,Ethiopia,2002,861.11509,52.9,71635517,6.5
eth,Ethiopia,2003,815.90332,53.9,73832663,6.4
eth,Ethiopia,2004,889.25057,54.9,76077206,6.3
eth,Ethiopia,2005,962.42678,55.9,78367470,6.19
eth,Ethiopia,2006,1032.8501,56.9,80703490,6.05
eth,Ethiopia,2007,1114.84014,58,83103217,5.89
eth,Ethiopia,2008,1197.23535,58.9,85543668,5.7
eth,Ethiopia,2009,1264.25544,59.8,88007636,5.49
eth,Ethiopia,2010,1381.19045,60.5,90538514,5.28
eth,Ethiopia,2011,1492.53397,61.2,93149970,5.08
eth,Ethiopia,2012,1576.76876,61.8,95798767,4.89
eth,Ethiopia,2013,1696.86516,62.3,98438751,4.71
eth,Ethiopia,2014,1821.39162,62.8,101115610,4.61
eth,Ethiopia,2015,1957.41454,63.2,103867135,4.53
eth,Ethiopia,2016,2084.84056,63.5,106718162,4.47
eth,Ethiopia,2017,2222.82825,63.9,109666481,4.4
eth,Ethiopia,2018,2311.16512,64.2,112664152,4.37
eth,Ethiopia,2019,2437.97046,64.5,115737383,4.35
fin,Finland,1990,37953.94831,75.2,4986575,1.78
fin,Finland,1991,35570.71297,75.5,5013880,1.79
fin,Finland,1992,34243.43019,75.7,5042148,1.84
fin,Finland,1993,33859.42944,76,5066590,1.82
fin,Finland,1994,35092.03437,76.5,5088458,1.84
fin,Finland,1995,36481.51624,76.7,5107922,1.81
fin,Finland,1996,37739.41814,76.9,5124717,1.77
fin,Finland,1997,40072.46267,77.2,5139925,1.74
fin,Finland,1998,42194.30897,77.3,5153548,1.7
fin,Finland,1999,43999.58534,77.6,5165516,1.73
fin,Finland,2000,46480.58365,77.9,5176202,1.73
fin,Finland,2001,47650.01092,78.2,5187971,1.72
fin,Finland,2002,48390.8085,78.4,5200546,1.72
fin,Finland,2003,49300.35799,78.6,5212955,1.76
fin,Finland,2004,51178.8478,79,5228148,1.8
fin,Finland,2005,52477.08912,79.2,5246082,1.8
fin,Finland,2006,54435.98489,79.4,5266247,1.83
fin,Finland,2007,57140.60224,79.5,5288710,1.83
fin,Finland,2008,57379.21966,79.8,5313377,1.84
fin,Finland,2009,52545.32598,79.9,5338856,1.86
fin,Finland,2010,54017.94586,80.1,5363350,1.86
fin,Finland,2011,55053.39069,80.4,5388241,1.83
fin,Finland,2012,53957.6681,80.6,5413971,1.8
fin,Finland,2013,53183.42867,80.9,5439053,1.75
fin,Finland,2014,52710.73349,81.1,5461684,1.71
fin,Finland,2015,52782.48739,81.3,5479717,1.65
fin,Finland,2016,53984.63163,81.4,5495469,1.57
fin,Finland,2017,55637.22628,81.6,5508396,1.49
fin,Finland,2018,56226.33724,81.7,5515736,1.41
fin,Finland,2019,56922.48732,81.9,5521759,1.35
fji,Fiji,1990,8052.19916,67.4,773316,3.39
fji,Fiji,1991,7771.95776,67.3,779656,3.37
fji,Fiji,1992,8179.73473,67.3,785346,3.33
fji,Fiji,1993,8290.33205,67.2,790369,3.29
fji,Fiji,1994,8653.81683,67.2,794771,3.26
fji,Fiji,1995,8818.33069,67.2,798746,3.25
fji,Fiji,1996,9182.10108,67.2,803789,3.25
fji,Fiji,1997,8896.03395,67.1,812139,3.19
fji,Fiji,1998,8913.90533,67.2,822258,3.12
fji,Fiji,1999,9601.71178,67.1,831828,3.05
fji,Fiji,2000,9351.40908,67.2,840909,2.99
fji,Fiji,2001,9456.52944,67.3,849596,2.97
fji,Fiji,2002,9678.79793,67.3,858049,2.97
fji,Fiji,2003,9696.60146,67.2,866286,2.96
fji,Fiji,2004,10127.03988,67.3,874366,2.94
fji,Fiji,2005,10112.25152,67.4,882379,2.92
fji,Fiji,2006,10210.99365,67.4,890365,2.91
fji,Fiji,2007,10041.97504,67.3,897832,2.87
fji,Fiji,2008,10084.79561,67.3,903399,2.82
fji,Fiji,2009,9905.77984,67.2,907239,2.76
fji,Fiji,2010,10167.34962,67.3,910419,2.7
fji,Fiji,2011,10412.99638,67.4,912989,2.63
fji,Fiji,2012,10537.69203,67.4,914918,2.61
fji,Fiji,2013,11019.29836,67.5,916352,2.6
fji,Fiji,2014,11621.12949,67.6,917585,2.59
fji,Fiji,2015,12131.09169,67.8,918578,2.57
fji,Fiji,2016,12419.82578,67.8,919166,2.52
fji,Fiji,2017,13090.50071,68.1,918759,2.46
fji,Fiji,2018,13612.9521,68.2,917180,2.42
fji,Fiji,2019,13567.47388,68.3,914899,2.39
fra,France,1990,38340.95776,77.3,56990238,1.78
fra,France,1991,38621.61981,77.5,57271565,1.77
fra,France,1992,39043.07066,77.7,57554870,1.74
fra,France,1993,38730.86195,77.9,57801266,1.66
fra,France,1994,39524.73127,78.2,57999866,1.67
fra,France,1995,40292.26927,78.3,58192203,1.72
fra,France,1996,40731.78388,78.5,58380641,1.74
fra,France,1997,41621.57117,78.8,58568660,1.73
fra,France,1998,42931.17053,78.8,58778816,1.76
fra,France,1999,44195.66798,79,59084210,1.79
fra,France,2000,45733.71556,79.2,59483717,1.88
fra,France,2001,46304.54285,79.4,59905128,1.88
fra,France,2002,46495.2528,79.5,60327248,1.87
fra,France,2003,46636.54244,79.7,60741126,1.87
fra,France,2004,47646.61563,80.4,61175247,1.9
fra,France,2005,48195.83192,80.5,61625032,1.92
fra,France,2006,49169.89075,80.9,62049838,1.97
fra,France,2007,50116.61434,81.1,62432439,1.95
fra,France,2008,50040.18577,81.1,62780190,1.99
fra,France,2009,48391.26396,81.3,63106463,1.99
fra,France,2010,49130.42294,81.5,63417363,2.02
fra,France,2011,50085.68298,81.8,63733777,2
fra,France,2012,49935.62691,81.9,64058465,1.99
fra,France,2013,50066.53043,82.2,64387734,1.97
fra,France,2014,50326.56786,82.5,64692493,1.97
fra,France,2015,50682.89536,82.4,64916336,1.93
fra,France,2016,50984.0753,82.6,65086855,1.89
fra,France,2017,51895.5663,82.8,65284776,1.86
fra,France,2018,52560.95362,82.9,65519543,1.84
fra,France,2019,53448.55488,83,65729459,1.83
fsm,"Micronesia, Fed. Sts.",1990,3271.86668,62.1,100888,5.05
fsm,"Micronesia, Fed. Sts.",1991,3437.24036,62.4,102754,4.92
fsm,"Micronesia, Fed. Sts.",1992,3492.34125,62.6,104806,4.8
fsm,"Micronesia, Fed. Sts.",1993,3686.84366,62.9,107066,4.68
fsm,"Micronesia, Fed. Sts.",1994,3591.53292,63.1,109075,4.58
fsm,"Micronesia, Fed. Sts.",1995,3793.82835,63.3,110230,4.49
fsm,"Micronesia, Fed. Sts.",1996,3648.89003,63.5,110710,4.43
fsm,"Micronesia, Fed. Sts.",1997,3411.68707,63.6,111071,4.36
fsm,"Micronesia, Fed. Sts.",1998,3496.79122,63.7,111377,4.3
fsm,"Micronesia, Fed. Sts.",1999,3532.29966,63.8,111680,4.27
fsm,"Micronesia, Fed. Sts.",2000,3685.98012,63.3,112044,4.22
fsm,"Micronesia, Fed. Sts.",2001,3747.83183,64.1,112365,4.08
fsm,"Micronesia, Fed. Sts.",2002,3759.02757,63.3,112448,3.93
fsm,"Micronesia, Fed. Sts.",2003,3816.94106,64.4,112285,3.79
fsm,"Micronesia, Fed. Sts.",2004,3702.98912,64.5,111925,3.68
fsm,"Micronesia, Fed. Sts.",2005,3787.95304,64.7,111412,3.6
fsm,"Micronesia, Fed. Sts.",2006,3800.24146,64.9,110729,3.51
fsm,"Micronesia, Fed. Sts.",2007,3751.28828,65,109880,3.44
fsm,"Micronesia, Fed. Sts.",2008,3684.97378,65.2,108936,3.37
fsm,"Micronesia, Fed. Sts.",2009,3750.78882,65.3,107957,3.31
fsm,"Micronesia, Fed. Sts.",2010,3842.23613,65.5,107540,3.27
fsm,"Micronesia, Fed. Sts.",2011,3958.93215,65.7,107698,3.22
fsm,"Micronesia, Fed. Sts.",2012,3878.11227,65.8,107890,3.18
fsm,"Micronesia, Fed. Sts.",2013,3727.42607,65.9,108121,3.13
fsm,"Micronesia, Fed. Sts.",2014,3632.24157,66,108396,3.09
fsm,"Micronesia, Fed. Sts.",2015,3788.9341,66.1,108716,3.05
fsm,"Micronesia, Fed. Sts.",2016,3794.74546,66.3,109075,3
fsm,"Micronesia, Fed. Sts.",2017,3811.78965,66.4,109481,2.96
fsm,"Micronesia, Fed. Sts.",2018,3796.94605,66.6,109909,2.92
fsm,"Micronesia, Fed. Sts.",2019,3938.55709,66.8,110282,2.88
gab,Gabon,1990,18735.95954,62,983734,5.46
gab,Gabon,1991,19849.95086,61.9,1010818,5.37
gab,Gabon,1992,19165.65208,62.1,1038380,5.29
gab,Gabon,1993,19754.815,62.2,1066405,5.19
gab,Gabon,1994,20454.28489,62.1,1094720,5.04
gab,Gabon,1995,21328.4122,61.9,1123213,4.88
gab,Gabon,1996,21934.68178,61.6,1152015,4.74
gab,Gabon,1997,22992.22661,61.7,1181439,4.66
gab,Gabon,1998,23531.27309,61.6,1211736,4.58
gab,Gabon,1999,21102.13434,61.7,1243016,4.5
gab,Gabon,2000,20439.64102,61.5,1275572,4.47
gab,Gabon,2001,20584.51941,61.5,1309589,4.42
gab,Gabon,2002,20173.20857,61.5,1345135,4.36
gab,Gabon,2003,20273.43083,61.8,1382350,4.3
gab,Gabon,2004,20020.44574,62.3,1421609,4.25
gab,Gabon,2005,20089.26663,63.1,1463495,4.21
gab,Gabon,2006,19055.90344,63.5,1508337,4.17
gab,Gabon,2007,19671.99521,63.6,1556237,4.14
gab,Gabon,2008,18472.96499,63.8,1607175,4.12
gab,Gabon,2009,17915.04478,64.2,1661556,4.14
gab,Gabon,2010,18530.57609,64.7,1719879,4.15
gab,Gabon,2011,19153.08782,65,1781985,4.15
gab,Gabon,2012,19450.40271,65.4,1846889,4.09
gab,Gabon,2013,19836.45549,65.6,1913059,4.02
gab,Gabon,2014,20008.98998,65.9,1978399,3.95
gab,Gabon,2015,20147.71162,65.9,2040989,3.92
gab,Gabon,2016,19988.1756,65.9,2100306,3.92
gab,Gabon,2017,19555.70788,66,2156900,3.91
gab,Gabon,2018,19225.59826,66.1,2212318,3.91
gab,Gabon,2019,19491.40676,66.2,2267706,3.88
gbr,UK,1990,34496.95059,75.7,57367862,1.83
gbr,UK,1991,33991.66487,75.9,57555192,1.82
gbr,UK,1992,34014.97468,76.2,57719272,1.79
gbr,UK,1993,34763.7296,76.2,57861037,1.76
gbr,UK,1994,35996.25289,76.7,58003203,1.74
gbr,UK,1995,36792.38627,76.7,58154635,1.71
gbr,UK,1996,37629.28701,76.9,58298565,1.72
gbr,UK,1997,39240.69074,77.2,58447089,1.72
gbr,UK,1998,40439.99642,77.3,58626819,1.71
gbr,UK,1999,41551.22969,77.5,58838657,1.68
gbr,UK,2000,43163.51653,77.9,59057338,1.64
gbr,UK,2001,44115.61785,78.2,59288090,1.62
gbr,UK,2002,44751.84782,78.3,59540763,1.63
gbr,UK,2003,45963.07531,78.5,59820385,1.7
gbr,UK,2004,46828.68704,79,60169967,1.75
gbr,UK,2005,47788.26355,79.2,60596108,1.76
gbr,UK,2006,48571.69291,79.5,61051094,1.81
gbr,UK,2007,49459.8415,79.6,61535855,1.86
gbr,UK,2008,48947.71347,79.7,62027306,1.91
gbr,UK,2009,46342.91858,80.1,62506226,1.89
gbr,UK,2010,47013.88241,80.4,63006483,1.92
gbr,UK,2011,47178.91992,80.8,63509285,1.91
gbr,UK,2012,47550.94285,80.9,63960484,1.91
gbr,UK,2013,48083.80343,81,64389388,1.83
gbr,UK,2014,49250.55999,81.2,64865916,1.81
gbr,UK,2015,49983.34859,81.1,65382110,1.8
gbr,UK,2016,50540.87977,81.2,65893358,1.79
gbr,UK,2017,51601.14044,81.2,66354471,1.74
gbr,UK,2018,52071.26966,81.2,66752475,1.68
gbr,UK,2019,52645.5442,81.5,67110958,1.63
geo,Georgia,1990,13783.49522,69.2,5448868,2.31
geo,Georgia,1991,10771.22918,69.3,5379510,2.21
geo,Georgia,1992,5891.12345,69,5294187,2.05
geo,Georgia,1993,4141.145,68.8,5178780,1.91
geo,Georgia,1994,3756.70721,70.1,5046271,1.84
geo,Georgia,1995,3968.25928,70.3,4925743,1.81
geo,Georgia,1996,4530.22791,70.2,4812775,1.76
geo,Georgia,1997,5129.05014,70,4695356,1.73
geo,Georgia,1998,5383.07997,69.7,4576451,1.7
geo,Georgia,1999,5623.01002,69.5,4455583,1.64
geo,Georgia,2000,5817.64099,69.5,4328358,1.61
geo,Georgia,2001,6168.02458,69.6,4209636,1.58
geo,Georgia,2002,6546.59987,69.7,4127846,1.57
geo,Georgia,2003,7304.22141,70.2,4085483,1.55
geo,Georgia,2004,7757.61197,70.8,4056073,1.57
geo,Georgia,2005,8531.25642,71.5,4026131,1.58
geo,Georgia,2006,9368.12491,72,3996591,1.62
geo,Georgia,2007,10588.92675,71.9,3967590,1.7
geo,Georgia,2008,10868.556,71.1,3941195,1.83
geo,Georgia,2009,10556.10672,71.6,3918941,1.99
geo,Georgia,2010,11294.36859,71.7,3895925,1.97
geo,Georgia,2011,12288.68289,72,3868724,1.92
geo,Georgia,2012,13193.9597,72.2,3839208,1.93
geo,Georgia,2013,13913.00182,72.4,3809125,1.99
geo,Georgia,2014,14475.31354,72.6,3792916,2.18
geo,Georgia,2015,14936.84341,72.8,3791573,2.21
geo,Georgia,2016,15442.95644,73,3792057,2.23
geo,Georgia,2017,16237.62422,73.3,3792859,2.14
geo,Georgia,2018,17228.67908,73.7,3794877,2.09
geo,Georgia,2019,18186.88165,74.2,3796722,2.02
gha,Ghana,1990,2624.40597,56.2,15394648,5.74
gha,Ghana,1991,2704.39344,56.5,15787496,5.63
gha,Ghana,1992,2750.73982,56.8,16184855,5.52
gha,Ghana,1993,2813.74152,57,16589519,5.41
gha,Ghana,1994,2849.08258,56.9,16993190,5.25
gha,Ghana,1995,2909.96893,57.5,17399017,5.11
gha,Ghana,1996,2985.54065,57.7,17810181,4.96
gha,Ghana,1997,3053.16446,57.8,18238958,4.88
gha,Ghana,1998,3130.84259,58.1,18688036,4.83
gha,Ghana,1999,3200.71521,58.4,19149864,4.82
gha,Ghana,2000,3247.06701,58.6,19637087,4.83
gha,Ghana,2001,3299.50233,58.9,20167069,4.77
gha,Ghana,2002,3364.62378,59.3,20729388,4.69
gha,Ghana,2003,3454.94981,59.8,21296705,4.6
gha,Ghana,2004,3561.94033,60.3,21868298,4.5
gha,Ghana,2005,3683.02601,60.6,22449438,4.5
gha,Ghana,2006,3826.47521,60.8,23040702,4.4
gha,Ghana,2007,3899.59845,61.3,23642279,4.29
gha,Ghana,2008,4158.47667,61.8,24249946,4.22
gha,Ghana,2009,4260.95433,62.2,24862664,4.18
gha,Ghana,2010,4495.68917,62.6,25474995,4.18
gha,Ghana,2011,5005.36733,62.9,26095088,4.18
gha,Ghana,2012,5339.71322,63.3,26734268,4.15
gha,Ghana,2013,5593.77482,63.6,27386193,4.11
gha,Ghana,2014,5619.07233,63.9,28041592,4.03
gha,Ghana,2015,5607.36636,63.9,28696068,3.98
gha,Ghana,2016,5666.07795,64.1,29356742,3.87
gha,Ghana,2017,5993.63085,64.2,30008354,3.72
gha,Ghana,2018,6234.51208,64.4,30637585,3.65
gha,Ghana,2019,6508.24652,64.6,31258945,3.59
gin,Guinea,1990,1771.44373,48.5,6434374,6.52
gin,Guinea,1991,1749.15762,49,6697166,6.48
gin,Guinea,1992,1768.63686,49.3,6914366,6.45
gin,Guinea,1993,1825.61959,49.9,7128177,6.41
gin,Guinea,1994,1863.55106,50.3,7345107,6.36
gin,Guinea,1995,1915.86853,50.7,7553249,6.29
gin,Guinea,1996,1964.80389,51.4,7770035,6.21
gin,Guinea,1997,2049.52671,52,7931370,6.12
gin,Guinea,1998,2107.83081,52.4,8081990,6.05
gin,Guinea,1999,2157.74764,53,8265123,5.99
gin,Guinea,2000,2188.59249,53.5,8428832,5.92
gin,Guinea,2001,2261.24514,54,8539960,5.83
gin,Guinea,2002,2362.78757,54.7,8674066,5.78
gin,Guinea,2003,2357.32725,55.4,8870781,5.74
gin,Guinea,2004,2379.76742,56,9062726,5.73
gin,Guinea,2005,2421.05132,56.6,9245844,5.73
gin,Guinea,2006,2416.21988,56.9,9441171,5.7
gin,Guinea,2007,2539.14707,57.4,9662281,5.66
gin,Guinea,2008,2597.95859,57.8,9898870,5.6
gin,Guinea,2009,2522.31914,58.1,10143534,5.53
gin,Guinea,2010,2594.8305,58.6,10396086,5.44
gin,Guinea,2011,2673.40873,58.9,10656810,5.34
gin,Guinea,2012,2762.90351,59.1,10921581,5.23
gin,Guinea,2013,2802.56007,59.5,11191873,5.15
gin,Guinea,2014,2834.96634,58.9,11472924,5.07
gin,Guinea,2015,2869.85157,59.4,11767070,5
gin,Guinea,2016,3099.78874,60.2,12073030,4.92
gin,Guinea,2017,3332.7657599999998,60.6,12385659,4.79
gin,Guinea,2018,3455.64513,61.1,12704774,4.67
gin,Guinea,2019,3557.46234,61.4,13034346,4.58
gmb,Gambia,1990,2401.07258,60.8,1054696,6.25
gmb,Gambia,1991,2388.93146,61,1099959,6.19
gmb,Gambia,1992,2387.56295,60.8,1145582,6.11
gmb,Gambia,1993,2384.36613,61.5,1188365,6.03
gmb,Gambia,1994,2323.82556,61.9,1227226,6.04
gmb,Gambia,1995,2286.40783,61.4,1264313,5.99
gmb,Gambia,1996,2291.54085,62.2,1301410,5.93
gmb,Gambia,1997,2329.00688,62.1,1338889,5.85
gmb,Gambia,1998,2358.3421,62.3,1376987,5.82
gmb,Gambia,1999,2456.78966,62,1415779,5.77
gmb,Gambia,2000,2538.65544,62.8,1455084,5.72
gmb,Gambia,2001,2628.79005,63.5,1495011,5.67
gmb,Gambia,2002,2500.01615,63.7,1535691,5.66
gmb,Gambia,2003,2601.61094,63.8,1577611,5.66
gmb,Gambia,2004,2728.61837,63.5,1621312,5.68
gmb,Gambia,2005,2606.00889,63.5,1667037,5.71
gmb,Gambia,2006,2531.6846,64,1715275,5.74
gmb,Gambia,2007,2544.14242,64.2,1765774,5.69
gmb,Gambia,2008,2634.21604,64.9,1817852,5.63
gmb,Gambia,2009,2737.72235,65.1,1871422,5.57
gmb,Gambia,2010,2824.21259,65.8,1926630,5.56
gmb,Gambia,2011,2519.83983,67.2,1983784,5.54
gmb,Gambia,2012,2574.9351,67.5,2043094,5.52
gmb,Gambia,2013,2572.44729,67.5,2103820,5.39
gmb,Gambia,2014,2465.10971,66.8,2164528,5.2
gmb,Gambia,2015,2495.95742,67.2,2224529,5
gmb,Gambia,2016,2478.46056,66.9,2283769,4.81
gmb,Gambia,2017,2533.18684,66.4,2342189,4.61
gmb,Gambia,2018,2651.43282,66.8,2399632,4.42
gmb,Gambia,2019,2750.82132,66.6,2456844,4.33
gnb,Guinea-Bissau,1990,1869.81915,50.7,973669,6.5
gnb,Guinea-Bissau,1991,1917.98104,51.1,994639,6.47
gnb,Guinea-Bissau,1992,1897.51065,51.4,1024356,6.44
gnb,Guinea-Bissau,1993,1881.09839,51.7,1058745,6.37
gnb,Guinea-Bissau,1994,1886.97037,51.6,1092031,6.3
gnb,Guinea-Bissau,1995,1924.86871,52.3,1119949,6.22
gnb,Guinea-Bissau,1996,2078.82589,50.4,1143535,6.14
gnb,Guinea-Bissau,1997,2175.43222,51.1,1165545,6.06
gnb,Guinea-Bissau,1998,1680.13503,51.7,1187473,5.97
gnb,Guinea-Bissau,1999,1919.75711,51.9,1210206,5.87
gnb,Guinea-Bissau,2000,1903.68346,53.6,1234741,5.79
gnb,Guinea-Bissau,2001,1951.61367,53.9,1261273,5.69
gnb,Guinea-Bissau,2002,1974.42194,54.1,1289307,5.63
gnb,Guinea-Bissau,2003,1933.98218,54.3,1318806,5.58
gnb,Guinea-Bissau,2004,1921.90486,54.5,1349563,5.5
gnb,Guinea-Bissau,2005,2004.37282,53.9,1381585,5.46
gnb,Guinea-Bissau,2006,2015.43233,55.2,1415303,5.41
gnb,Guinea-Bissau,2007,2023.64221,56,1450986,5.37
gnb,Guinea-Bissau,2008,2068.09149,56.3,1488054,5.27
gnb,Guinea-Bissau,2009,2072.05371,57.1,1526377,5.18
gnb,Guinea-Bissau,2010,2138.02686,57.6,1566347,5.11
gnb,Guinea-Bissau,2011,2250.92052,58.1,1608076,5.07
gnb,Guinea-Bissau,2012,2154.30225,58.4,1651417,5
gnb,Guinea-Bissau,2013,2166.00798,58.8,1695973,4.93
gnb,Guinea-Bissau,2014,2130.19123,59,1741122,4.79
gnb,Guinea-Bissau,2015,2203.48514,59.2,1786457,4.66
gnb,Guinea-Bissau,2016,2265.5718,59.6,1831893,4.52
gnb,Guinea-Bissau,2017,2314.15796,59.8,1877072,4.35
gnb,Guinea-Bissau,2018,2344.86927,60,1922168,4.24
gnb,Guinea-Bissau,2019,2418.1041,60.3,1967696,4.15
gnq,Equatorial Guinea,1990,1528.37002,49,474274,5.99
gnq,Equatorial Guinea,1991,1446.50216,49.3,492217,5.99
gnq,Equatorial Guinea,1992,1775.02341,49.7,510770,5.98
gnq,Equatorial Guinea,1993,1873.78472,50,530023,5.98
gnq,Equatorial Guinea,1994,2054.45085,50.3,550138,5.98
gnq,Equatorial Guinea,1995,2277.44211,50.6,571264,5.97
gnq,Equatorial Guinea,1996,3466.74465,51,593492,5.96
gnq,Equatorial Guinea,1997,7910.89398,52.2,616893,5.94
gnq,Equatorial Guinea,1998,9302.7773,53,641474,5.91
gnq,Equatorial Guinea,1999,11168.49676,53.7,667214,5.88
gnq,Equatorial Guinea,2000,12428.04693,54.3,703279,5.83
gnq,Equatorial Guinea,2001,19105.05954,55.2,749836,5.79
gnq,Equatorial Guinea,2002,21418.4856,56,797957,5.73
gnq,Equatorial Guinea,2003,22887.27786,56.6,847862,5.68
gnq,Equatorial Guinea,2004,29356.54335,57.1,899917,5.62
gnq,Equatorial Guinea,2005,32249.49451,57.4,947367,5.56
gnq,Equatorial Guinea,2006,33027.962,58.3,990343,5.5
gnq,Equatorial Guinea,2007,36215.3295,59,1036044,5.43
gnq,Equatorial Guinea,2008,40526.68854,59.3,1084530,5.36
gnq,Equatorial Guinea,2009,38976.73346,59.3,1135673,5.29
gnq,Equatorial Guinea,2010,33668.87407,59.4,1189085,5.21
gnq,Equatorial Guinea,2011,34341.93426,59.9,1241835,5.13
gnq,Equatorial Guinea,2012,35711.49193,60.8,1293483,5.04
gnq,Equatorial Guinea,2013,32894.36932,61.4,1346218,4.95
gnq,Equatorial Guinea,2014,31765.89971,61.8,1399828,4.86
gnq,Equatorial Guinea,2015,27797.79428,61.8,1453923,4.77
gnq,Equatorial Guinea,2016,24435.06456,61.7,1508186,4.69
gnq,Equatorial Guinea,2017,22250.43892,61.9,1562396,4.6
gnq,Equatorial Guinea,2018,20165.47956,62.1,1616422,4.51
gnq,Equatorial Guinea,2019,18446.59166,62.1,1670177,4.43
grc,Greece,1990,25181.86487,77.1,10258487,1.47
grc,Greece,1991,25801.45602,77.1,10306644,1.46
grc,Greece,1992,25926.40668,77.2,10359895,1.45
grc,Greece,1993,25495.28289,77.3,10412751,1.43
grc,Greece,1994,26005.0042,77.5,10466260,1.41
grc,Greece,1995,26552.61526,77.6,10519235,1.39
grc,Greece,1996,27000.08238,77.7,10570080,1.37
grc,Greece,1997,27990.94872,77.9,10622325,1.36
grc,Greece,1998,28920.16909,78,10675409,1.34
grc,Greece,1999,29692.65924,78.1,10727951,1.33
grc,Greece,2000,30878.47385,78.3,10782635,1.33
grc,Greece,2001,32216.03115,78.7,10843164,1.33
grc,Greece,2002,33660.65195,78.9,10890285,1.34
grc,Greece,2003,35613.94532,79,10918471,1.33
grc,Greece,2004,37508.87544,79.2,10947365,1.34
grc,Greece,2005,37901.02852,79.4,10981334,1.36
grc,Greece,2006,40277.6367,79.6,11016103,1.4
grc,Greece,2007,41648.95477,79.5,11045737,1.42
grc,Greece,2008,41617.32244,79.9,11076872,1.49
grc,Greece,2009,39846.18215,80,11108069,1.51
grc,Greece,2010,37566.74837,80.3,11124670,1.49
grc,Greece,2011,33906.49174,80.3,11108844,1.4
grc,Greece,2012,31250.22686,80.3,11048298,1.35
grc,Greece,2013,30762.44322,80.7,10967540,1.29
grc,Greece,2014,31213.37651,80.9,10893166,1.3
grc,Greece,2015,31347.97657,80.8,10820903,1.33
grc,Greece,2016,31468.61985,81,10775504,1.38
grc,Greece,2017,31995.41088,81.1,10753533,1.35
grc,Greece,2018,32722.33104,81.4,10730844,1.35
grc,Greece,2019,33502.75065,81.6,10718576,1.34
grd,Grenada,1990,9104.65452,70.6,99957,3.06
grd,Grenada,1991,9160.83911,70.9,100793,3.11
grd,Grenada,1992,9000.22308,71.1,101602,2.97
grd,Grenada,1993,8738.35371,71.5,102382,2.81
grd,Grenada,1994,8802.3012,71.8,103138,2.79
grd,Grenada,1995,8911.1178,72,103869,2.82
grd,Grenada,1996,9231.93243,72.2,104584,2.85
grd,Grenada,1997,9620.54023,72.3,105293,2.8
grd,Grenada,1998,10670.16518,72.5,106009,2.49
grd,Grenada,1999,11320.63989,72.8,106727,2.39
grd,Grenada,2000,11784.00236,73.1,107451,2.44
grd,Grenada,2001,11474.64677,73.2,107987,2.42
grd,Grenada,2002,11808.09279,73.4,108404,2.38
grd,Grenada,2003,12852.81801,73.6,108884,2.33
grd,Grenada,2004,12702.39748,73.3,109323,2.29
grd,Grenada,2005,14316.43725,74,109734,2.24
grd,Grenada,2006,13676.87097,74.4,110135,2.2
grd,Grenada,2007,14444.55033,74.8,110522,2.15
grd,Grenada,2008,14512.62241,74.8,110896,2.12
grd,Grenada,2009,13490.53871,75,111254,2.08
grd,Grenada,2010,13363.09203,75.1,111586,2.04
grd,Grenada,2011,13406.05988,75.3,112079,2.01
grd,Grenada,2012,13169.46048,75.4,112775,1.97
grd,Grenada,2013,13394.52168,75.4,113487,1.91
grd,Grenada,2014,14296.70914,75.4,114132,1.8
grd,Grenada,2015,15145.97202,75.5,114676,1.72
grd,Grenada,2016,15650.41172,75.5,115130,1.62
grd,Grenada,2017,16301.47244,75.6,115438,1.44
grd,Grenada,2018,16975.2476,75.4,115691,1.53
grd,Grenada,2019,17047.35493,75.3,115981,1.54
gtm,Guatemala,1990,7388.6505,62.2,9024773,5.48
gtm,Guatemala,1991,7447.41196,61.9,9272584,5.38
gtm,Guatemala,1992,7625.15936,62.1,9522266,5.31
gtm,Guatemala,1993,7732.43887,62.6,9779761,5.25
gtm,Guatemala,1994,7831.20231,63.5,10043718,5.19
gtm,Guatemala,1995,8005.50984,65,10312996,5.11
gtm,Guatemala,1996,8042.14632,65.9,10583526,5.01
gtm,Guatemala,1997,8192.37277,66.4,10857754,4.91
gtm,Guatemala,1998,8397.28597,66.6,11139145,4.8
gtm,Guatemala,1999,8522.20231,67.1,11422965,4.69
gtm,Guatemala,2000,8628.76971,67.7,11697592,4.58
gtm,Guatemala,2001,8647.82894,67.9,11969422,4.5
gtm,Guatemala,2002,8791.80193,68.6,12246915,4.37
gtm,Guatemala,2003,8830.89407,69,12525842,4.25
gtm,Guatemala,2004,8923.16468,69.3,12807402,4.13
gtm,Guatemala,2005,9031.22567,69.3,13087629,3.97
gtm,Guatemala,2006,9328.01386,69.9,13367459,3.85
gtm,Guatemala,2007,9726.22375,70.3,13652040,3.72
gtm,Guatemala,2008,9857.30345,70.7,13935174,3.57
gtm,Guatemala,2009,9724.45031,70.9,14215611,3.47
gtm,Guatemala,2010,9825.0174,71.3,14500112,3.38
gtm,Guatemala,2011,10032.08835,71.6,14792126,3.29
gtm,Guatemala,2012,10126.82807,71.9,15089647,3.22
gtm,Guatemala,2013,10297.83929,72.1,15387337,3.15
gtm,Guatemala,2014,10553.56393,72.1,15681725,3.09
gtm,Guatemala,2015,10785.95815,72.2,15971743,3.03
gtm,Guatemala,2016,10872.59368,72.4,16268760,2.97
gtm,Guatemala,2017,11005.45908,72.6,16567357,2.86
gtm,Guatemala,2018,11192.37173,72.8,16845685,2.74
gtm,Guatemala,2019,11466.37626,73.1,17103803,2.59
guy,Guyana,1990,4685.76954,64.8,749894,3.18
guy,Guyana,1991,4997.49118,65.3,747861,3.18
guy,Guyana,1992,5388.2967,65.5,749911,3.19
guy,Guyana,1993,5824.29391,65.4,752965,3.2
guy,Guyana,1994,6319.74569,65.4,755822,3.23
guy,Guyana,1995,6642.9817,65.5,758388,3.24
guy,Guyana,1996,7186.29781,65.3,760526,3.23
guy,Guyana,1997,7653.1008,65.6,762245,3.22
guy,Guyana,1998,7551.02935,66,763586,3.18
guy,Guyana,1999,7804.18729,66.3,764483,3.13
guy,Guyana,2000,7728.71826,66.4,764832,3.06
guy,Guyana,2001,7940.0353,66.3,764477,2.96
guy,Guyana,2002,8068.25115,66.2,763652,2.84
guy,Guyana,2003,8052.1375,66.4,763101,2.75
guy,Guyana,2004,8215.14184,66.5,762418,2.68
guy,Guyana,2005,8099.96146,66.7,760914,2.65
guy,Guyana,2006,8568.65446,67.1,758966,2.66
guy,Guyana,2007,9244.30508,67.3,756861,2.68
guy,Guyana,2008,9471.54647,67.4,754606,2.7
guy,Guyana,2009,9884.66399,67.6,752094,2.69
guy,Guyana,2010,10374.39476,67.8,749256,2.68
guy,Guyana,2011,10958.85988,67.8,746153,2.69
guy,Guyana,2012,11534.99856,67.9,746288,2.7
guy,Guyana,2013,11896.90699,68.2,750021,2.71
guy,Guyana,2014,12030.05293,68.3,754229,2.7
guy,Guyana,2015,12040.08253,68.6,758781,2.67
guy,Guyana,2016,12420.47247,69,763548,2.63
guy,Guyana,2017,12801.64085,69.5,768479,2.59
guy,Guyana,2018,12980.3576,69.9,791556,2.55
guy,Guyana,2019,13402.42195,70.2,807665,2.52
hnd,Honduras,1990,4286.05578,70.5,4980488,5.27
hnd,Honduras,1991,4115.38801,70.8,5123792,5.19
hnd,Honduras,1992,4248.73832,71,5271431,5.11
hnd,Honduras,1993,4404.7969,70.9,5423249,5.03
hnd,Honduras,1994,4284.03958,71.2,5579242,4.94
hnd,Honduras,1995,4412.20306,71.3,5739637,4.84
hnd,Honduras,1996,4394.23965,71.4,5903954,4.71
hnd,Honduras,1997,4481.09113,71.6,6071454,4.59
hnd,Honduras,1998,4522.07565,65.7,6234431,4.47
hnd,Honduras,1999,4371.92555,72,6400463,4.37
hnd,Honduras,2000,4561.67337,72.2,6577773,4.29
hnd,Honduras,2001,4567.90827,72.4,6757993,4.15
hnd,Honduras,2002,4621.84604,72.6,6938859,4
hnd,Honduras,2003,4714.39261,72.8,7119213,3.84
hnd,Honduras,2004,4888.62686,73,7298994,3.71
hnd,Honduras,2005,5062.7798,73.3,7478355,3.58
hnd,Honduras,2006,5270.98125,73.5,7656832,3.45
hnd,Honduras,2007,5470.17678,73.8,7834798,3.35
hnd,Honduras,2008,5573.82136,73.9,8012587,3.26
hnd,Honduras,2009,5317.86049,74.1,8189899,3.17
hnd,Honduras,2010,5396.07228,74.1,8365878,3.08
hnd,Honduras,2011,5488.43372,74.1,8540583,3
hnd,Honduras,2012,5600.60776,72.4,8715076,2.93
hnd,Honduras,2013,5644.13385,72.8,8889278,2.86
hnd,Honduras,2014,5705.16246,73,9063122,2.79
hnd,Honduras,2015,5812.53489,72.9,9237305,2.75
hnd,Honduras,2016,5926.49025,74.8,9412380,2.7
hnd,Honduras,2017,6099.60735,75,9588137,2.66
hnd,Honduras,2018,6219.27974,75,9765210,2.65
hnd,Honduras,2019,6264.01884,75.2,9943633,2.61
hrv,Croatia,1990,21461.25297,72.5,4835065,1.63
hrv,Croatia,1991,17277.46231,71.1,4825157,1.54
hrv,Croatia,1992,15708.64175,72,4782233,1.46
hrv,Croatia,1993,14517.23895,73,4729743,1.51
hrv,Croatia,1994,15338.35256,73.4,4675514,1.52
hrv,Croatia,1995,16595.35979,72.8,4619360,1.58
hrv,Croatia,1996,17942.95279,73.6,4562299,1.68
hrv,Croatia,1997,19279.7003,73.7,4504621,1.69
hrv,Croatia,1998,19845.06083,73.9,4445667,1.5
hrv,Croatia,1999,19860.49259,74.2,4385822,1.44
hrv,Croatia,2000,20744.13228,74.4,4326105,1.42
hrv,Croatia,2001,22211.13259,74.7,4301074,1.46
hrv,Croatia,2002,23571.12738,74.9,4305782,1.43
hrv,Croatia,2003,24989.31837,75,4306686,1.41
hrv,Croatia,2004,26127.9304,75.4,4310056,1.42
hrv,Croatia,2005,27321.1578,75.5,4313946,1.51
hrv,Croatia,2006,28790.69754,75.8,4315800,1.47
hrv,Croatia,2007,30337.54416,75.9,4315954,1.49
hrv,Croatia,2008,31012.22676,76.1,4314631,1.56
hrv,Croatia,2009,28981.8043,76.4,4310530,1.59
hrv,Croatia,2010,28704.52721,76.6,4301145,1.55
hrv,Croatia,2011,28775.64882,77,4280824,1.49
hrv,Croatia,2012,28260.83662,77.3,4259236,1.52
hrv,Croatia,2013,28401.68535,77.5,4242398,1.46
hrv,Croatia,2014,28460.72957,77.7,4219479,1.46
hrv,Croatia,2015,29471.75209,77.8,4183729,1.4
hrv,Croatia,2016,30824.85989,78,4136444,1.43
hrv,Croatia,2017,32351.87222,78.1,4079200,1.42
hrv,Croatia,2018,33730.87456,78.3,4024868,1.47
hrv,Croatia,2019,35123.48766,78.5,3986334,1.47
hti,Haiti,1990,3313.01695,51.4,6854441,5.41
hti,Haiti,1991,3353.08359,51.7,6995450,5.32
hti,Haiti,1992,3151.5041,51.9,7136571,5.21
hti,Haiti,1993,2956.04315,51.6,7278181,5.1
hti,Haiti,1994,2581.17541,52.5,7419771,4.99
hti,Haiti,1995,2813.1864,53.1,7562546,4.88
hti,Haiti,1996,2903.70714,53.7,7707557,4.78
hti,Haiti,1997,2955.77874,54,7854298,4.67
hti,Haiti,1998,2993.55058,55.1,8002143,4.56
hti,Haiti,1999,3046.33572,55.6,8151296,4.45
hti,Haiti,2000,3044.25409,56.1,8303151,4.39
hti,Haiti,2001,3002.41933,56.6,8455918,4.25
hti,Haiti,2002,3001.23422,57.1,8607641,4.13
hti,Haiti,2003,3067.16904,57.5,8759912,4.05
hti,Haiti,2004,2993.79455,56.7,8910263,3.94
hti,Haiti,2005,3055.95983,58.3,9061273,3.84
hti,Haiti,2006,3082.35804,58.8,9216562,3.76
hti,Haiti,2007,3194.91253,59.2,9373296,3.69
hti,Haiti,2008,3246.74698,59.5,9530774,3.62
hti,Haiti,2009,3403.47309,60,9689581,3.57
hti,Haiti,2010,3195.24821,31,9803294,3.5
hti,Haiti,2011,3320.34681,59.2,9914904,3.43
hti,Haiti,2012,3285.70755,60.5,10069771,3.32
hti,Haiti,2013,3376.63982,60.5,10222362,3.22
hti,Haiti,2014,3423.65318,60.8,10373235,3.16
hti,Haiti,2015,3422.09749,61,10523242,3.11
hti,Haiti,2016,3435.73122,60.9,10671457,3.05
hti,Haiti,2017,3474.34693,61.3,10817754,2.99
hti,Haiti,2018,3485.69688,61.5,10962362,2.92
hti,Haiti,2019,3381.58479,61.6,11105163,2.86
hun,Hungary,1990,18794.3011,69.4,10381281,1.86
hun,Hungary,1991,16755.06305,69.3,10378176,1.86
hun,Hungary,1992,16428.0007,69.2,10371474,1.77
hun,Hungary,1993,16524.52167,69.2,10356870,1.69
hun,Hungary,1994,17204.5095,69.5,10339937,1.64
hun,Hungary,1995,17651.42471,69.9,10322788,1.57
hun,Hungary,1996,17853.51831,70.4,10302235,1.46
hun,Hungary,1997,18586.93313,70.8,10278602,1.38
hun,Hungary,1998,19508.16283,70.9,10251717,1.33
hun,Hungary,1999,20313.6607,71.2,10219796,1.29
hun,Hungary,2000,21395.97367,71.8,10190600,1.32
hun,Hungary,2001,22440.53385,72.3,10166690,1.31
hun,Hungary,2002,23689.88094,72.5,10138466,1.3
hun,Hungary,2003,24810.57948,72.7,10108963,1.28
hun,Hungary,2004,26212.32986,72.9,10085791,1.28
hun,Hungary,2005,27496.65624,73,10065706,1.31
hun,Hungary,2006,28710.4327,73.3,10049943,1.34
hun,Hungary,2007,28925.20692,73.6,10034082,1.32
hun,Hungary,2008,29319.78459,74,10016657,1.35
hun,Hungary,2009,27424.58359,74.3,10001378,1.32
hun,Hungary,2010,27801.83382,74.6,9979129,1.26
hun,Hungary,2011,28415.11734,75,9946676,1.25
hun,Hungary,2012,28179.65646,75.3,9916623,1.33
hun,Hungary,2013,28891.02175,75.7,9889346,1.35
hun,Hungary,2014,30264.94923,75.9,9862842,1.42
hun,Hungary,2015,31485.56754,75.9,9839211,1.45
hun,Hungary,2016,32378.9675,76.1,9810532,1.51
hun,Hungary,2017,33828.71494,76.1,9785604,1.52
hun,Hungary,2018,35798.04128,76.3,9774394,1.52
hun,Hungary,2019,37662.67681,76.4,9770346,1.53
idn,Indonesia,1990,5005.11544,65,183501098,3.11
idn,Indonesia,1991,5284.45849,65.6,186778238,3.06
idn,Indonesia,1992,5529.30001,66.1,190043744,2.95
idn,Indonesia,1993,5804.77999,66.6,193305168,2.9
idn,Indonesia,1994,6132.63087,67.1,196591828,2.85
idn,Indonesia,1995,6519.85186,67.6,199888057,2.81
idn,Indonesia,1996,6905.46846,68,203204348,2.78
idn,Indonesia,1997,7104.00042,68.3,206536095,2.74
idn,Indonesia,1998,6065.98711,68.6,209826788,2.66
idn,Indonesia,1999,6012.31921,68.8,213004668,2.57
idn,Indonesia,2000,6206.67205,69.1,216077790,2.5
idn,Indonesia,2001,6331.96468,69.3,219097902,2.47
idn,Indonesia,2002,6514.41786,69.5,222088495,2.44
idn,Indonesia,2003,6721.55555,69.6,225048008,2.41
idn,Indonesia,2004,6954.3854,67,227926649,2.42
idn,Indonesia,2005,7239.70057,69.7,230871650,2.45
idn,Indonesia,2006,7518.89093,69.7,233951652,2.46
idn,Indonesia,2007,7870.61403,69.8,237062337,2.48
idn,Indonesia,2008,8216.98862,69.9,240157903,2.44
idn,Indonesia,2009,8463.00413,70,243220028,2.44
idn,Indonesia,2010,8848.22474,70.2,246305322,2.46
idn,Indonesia,2011,9274.96955,70.4,249470032,2.52
idn,Indonesia,2012,9708.61182,70.7,252698525,2.51
idn,Indonesia,2013,10121.81415,71,255852467,2.44
idn,Indonesia,2014,10504.38694,71.2,258877399,2.39
idn,Indonesia,2015,10893.66211,71.5,261799249,2.35
idn,Indonesia,2016,11319.66343,71.7,264627418,2.31
idn,Indonesia,2017,11772.57433,72,267346658,2.25
idn,Indonesia,2018,12262.23103,72.2,269951846,2.22
idn,Indonesia,2019,12757.78509,72.5,272489381,2.21
ind,India,1990,2356.2242,58.5,864972221,4.05
ind,India,1991,2321.69207,59.1,883927600,3.96
ind,India,1992,2385.24668,59.7,902957070,3.88
ind,India,1993,2440.49377,60.5,922118387,3.8
ind,India,1994,2537.09128,61.1,941163767,3.72
ind,India,1995,2661.22006,61.4,960301044,3.65
ind,India,1996,2795.24264,61.5,979678458,3.58
ind,India,1997,2840.73312,61.8,999133762,3.51
ind,India,1998,2948.70454,62.1,1018665080,3.45
ind,India,1999,3125.36652,62.9,1038225823,3.38
ind,India,2000,3176.02294,63.6,1057922733,3.35
ind,India,2001,3260.4152,64.2,1077898575,3.3
ind,India,2002,3312.59814,64.6,1097600380,3.22
ind,India,2003,3502.41996,65.1,1116803006,3.12
ind,India,2004,3706.63429,65.7,1135991513,3.05
ind,India,2005,3925.41317,66.2,1154676322,2.96
ind,India,2006,4167.70953,66.3,1172878890,2.87
ind,India,2007,4410.92781,66.3,1190676021,2.78
ind,India,2008,4474.6522,66.6,1207930964,2.71
ind,India,2009,4744.01134,67.1,1225524753,2.67
ind,India,2010,5059.28271,67.6,1243481564,2.6
ind,India,2011,5249.54926,67.9,1261224954,2.53
ind,India,2012,5460.43769,68.3,1278674502,2.47
ind,India,2013,5732.24189,68.7,1295829511,2.4
ind,India,2014,6079.84393,69.1,1312277191,2.29
ind,India,2015,6488.14603,69.4,1328024498,2.29
ind,India,2016,6940.62589,69.6,1343944296,2.28
ind,India,2017,7326.60694,69.9,1359657400,2.19
ind,India,2018,7714.33975,70.2,1374659064,2.18
ind,India,2019,7930.09113,70.9,1389030312,2.12
irl,Ireland,1990,28251.92424,74.9,3514018,2.11
irl,Ireland,1991,28764.63841,75.2,3534260,2.08
irl,Ireland,1992,29692.85038,75.4,3558421,1.99
irl,Ireland,1993,30457.74441,75.4,3576122,1.9
irl,Ireland,1994,32238.06218,75.6,3590157,1.85
irl,Ireland,1995,35306.3914,75.7,3610697,1.84
irl,Ireland,1996,37876.89188,75.9,3638509,1.88
irl,Ireland,1997,41749.3297,76.1,3672293,1.93
irl,Ireland,1998,45034.20279,76.2,3711073,1.94
irl,Ireland,1999,49376.26882,76.3,3752938,1.9
irl,Ireland,2000,53465.98999,76.7,3802585,1.89
irl,Ireland,2001,55573.33959,77.3,3862981,1.94
irl,Ireland,2002,57938.15556,77.7,3928443,1.97
irl,Ireland,2003,58832.30607,78.2,3992935,1.96
irl,Ireland,2004,61737.45623,78.6,4066064,1.93
irl,Ireland,2005,63909.85596,79,4155284,1.87
irl,Ireland,2006,65357.44119,79.3,4268778,1.92
irl,Ireland,2007,66810.4223,79.6,4393513,2.01
irl,Ireland,2008,62507.26896,79.8,4485999,2.07
irl,Ireland,2009,58687.01334,80.1,4533752,2.06
irl,Ireland,2010,59285.80833,80.6,4559080,2.06
irl,Ireland,2011,60001.07784,80.8,4579602,2.03
irl,Ireland,2012,59508.99655,80.9,4600132,1.99
irl,Ireland,2013,60494.16275,81.1,4624686,1.93
irl,Ireland,2014,65660.18276,81.4,4658239,1.9
irl,Ireland,2015,81053.35278,81.5,4702487,1.86
irl,Ireland,2016,80997.58278,81.7,4753503,1.82
irl,Ireland,2017,87942.44526,82,4810261,1.77
irl,Ireland,2018,93214.33538,82.2,4872556,1.76
irl,Ireland,2019,96369.64458,82.4,4933491,1.72
irn,Iran,1990,8576.4415,66.4,58380092,4.93
irn,Iran,1991,9521.82838,68.9,59986931,4.57
irn,Iran,1992,9877.93917,69.5,61184983,4.1
irn,Iran,1993,9709.76817,69.9,61403543,3.67
irn,Iran,1994,9567.79231,70.4,61520598,3.24
irn,Iran,1995,9732.6873,70.9,62205567,2.85
irn,Iran,1996,10320.97988,71.3,62881300,2.54
irn,Iran,1997,10422.00249,71.5,63639638,2.32
irn,Iran,1998,10548.98828,72,64519859,2.19
irn,Iran,1999,10636.20251,72.4,65445391,2.09
irn,Iran,2000,11078.79502,72.7,66418659,2
irn,Iran,2001,11220.21075,73.1,67452005,1.92
irn,Iran,2002,12020.63785,73.4,68011317,1.84
irn,Iran,2003,12912.95251,72.3,68769340,1.8
irn,Iran,2004,13212.9011,74.3,70256316,1.78
irn,Iran,2005,13332.7353,74.7,71828455,1.76
irn,Iran,2006,13683.97852,75.1,73392747,1.76
irn,Iran,2007,14503.56106,75.5,74602648,1.75
irn,Iran,2008,14299.904270000001,75.8,75514204,1.74
irn,Iran,2009,14196.07393,76.1,76457825,1.74
irn,Iran,2010,14737.15585,76.4,77420842,1.75
irn,Iran,2011,14941.25949,76.6,78383598,1.79
irn,Iran,2012,14202.55076,76.9,79370580,1.85
irn,Iran,2013,13804.7913,77.1,80414686,1.91
irn,Iran,2014,14299.57177,77.2,81502045,1.98
irn,Iran,2015,13905.19212,77.2,82619362,2.02
irn,Iran,2016,14915.59412,77.3,83812228,2.05
irn,Iran,2017,15108.10941,77.5,85026754,2.02
irn,Iran,2018,14642.49757,77.7,86117998,1.92
irn,Iran,2019,14040.66465,77.9,87051648,1.77
irq,Iraq,1990,8742.39254,66.6,17581206,5.93
irq,Iraq,1991,3216.50353,66.8,17767253,5.83
irq,Iraq,1992,4227.05031,66.7,18300845,5.72
irq,Iraq,1993,5072.66599,66.7,19201195,5.61
irq,Iraq,1994,5076.60853,66.7,20139807,5.49
irq,Iraq,1995,5022.98673,66.7,20825860,5.36
irq,Iraq,1996,5557.6119,66.8,21501321,5.25
irq,Iraq,1997,6405.16036,66.9,22176593,5.19
irq,Iraq,1998,8355.7348,67.1,22884399,5.11
irq,Iraq,1999,9633.2938,67.3,23636527,5.04
irq,Iraq,2000,11077.40844,67.5,24424056,4.92
irq,Iraq,2001,11281.38854,67.7,25197840,4.8
irq,Iraq,2002,10419.00416,67.8,26006559,4.67
irq,Iraq,2003,6643.82597,66,26802659,4.58
irq,Iraq,2004,10009.42461,66.5,27577878,4.53
irq,Iraq,2005,9965.0217,66.2,28407448,4.45
irq,Iraq,2006,10505.07578,65.1,28616515,4.46
irq,Iraq,2007,10821.91478,65.6,28391607,4.4
irq,Iraq,2008,11510.66647,67.2,28971036,4.37
irq,Iraq,2009,11483.00489,68.1,30058206,4.38
irq,Iraq,2010,11816.84102,68.4,31045366,4.46
irq,Iraq,2011,12267.58489,68.7,32161424,4.59
irq,Iraq,2012,13357.01439,69,33654842,4.54
irq,Iraq,2013,13712.93171,68.8,35281989,4.44
irq,Iraq,2014,13536.82277,67.5,36550059,4.31
irq,Iraq,2015,13516.0272,68.2,37560535,4.08
irq,Iraq,2016,15016.09206,68.8,38469627,3.84
irq,Iraq,2017,14417.63069,69.6,39337353,3.64
irq,Iraq,2018,14456.23571,70.9,40265624,3.55
irq,Iraq,2019,14910.22503,70.9,41192171,3.48
isl,Iceland,1990,39620.7749,77.9,254833,2.3
isl,Iceland,1991,39060.84115,78.1,257812,2.2
isl,Iceland,1992,37259.58142,78.3,261085,2.21
isl,Iceland,1993,37359.81902,78.5,263754,2.22
isl,Iceland,1994,38370.8598,78.5,266053,2.14
isl,Iceland,1995,38208.27994,78.4,267510,2.08
isl,Iceland,1996,39760.12097,78.7,268960,2.11
isl,Iceland,1997,41821.27009,78.9,271185,2.04
isl,Iceland,1998,44371.79001,79.1,274111,2.04
isl,Iceland,1999,45620.95668,79.4,277448,2
isl,Iceland,2000,47246.03444,79.8,281280,2.07
isl,Iceland,2001,48512.34196,80.1,285053,1.96
isl,Iceland,2002,48372.8176,80.4,287607,1.94
isl,Iceland,2003,49126.5233,80.6,289605,1.99
isl,Iceland,2004,52559.42353,80.7,292168,2.04
isl,Iceland,2005,54980.31234,81,296834,2.05
isl,Iceland,2006,57117.16946,81,303874,2.08
isl,Iceland,2007,60501.51448,81.1,311651,2.09
isl,Iceland,2008,60768.62733,81.3,317514,2.16
isl,Iceland,2009,56013.04234,81.5,318612,2.23
isl,Iceland,2010,54588.97093,81.7,318158,2.19
isl,Iceland,2011,55426.99198,81.9,319137,2.02
isl,Iceland,2012,55719.26096,82,320841,2.03
isl,Iceland,2013,57707.42212,82.1,323885,1.94
isl,Iceland,2014,58031.85868,82.2,327512,1.93
isl,Iceland,2015,59978.33157,82.2,330952,1.81
isl,Iceland,2016,62880.26272,82.3,335574,1.74
isl,Iceland,2017,63999.16047,82.4,343531,1.71
isl,Iceland,2018,65354.26157,82.6,352854,1.71
isl,Iceland,2019,65122.75495,82.9,360700,1.74
isr,Israel,1990,26020.57897,77.3,4544999,2.84
isr,Israel,1991,26285.80525,77.3,4779890,2.83
isr,Israel,1992,27253.59688,77.3,4957238,2.87
isr,Israel,1993,27496.076,77.5,5086045,2.87
isr,Israel,1994,28653.86967,77.7,5216699,2.84
isr,Israel,1995,29837.22004,78,5354739,2.82
isr,Israel,1996,30706.92482,78.4,5499551,2.86
isr,Israel,1997,31006.38818,78.5,5646473,2.88
isr,Israel,1998,31495.67071,78.6,5790140,2.92
isr,Israel,1999,31688.43524,78.9,5946081,2.89
isr,Israel,2000,33488.81062,79.1,6111190,2.92
isr,Israel,2001,32762.75697,79.3,6259982,2.87
isr,Israel,2002,32038.41724,79.5,6387720,2.88
isr,Israel,2003,31879.17651,79.8,6502820,2.92
isr,Israel,2004,32759.1433,80.2,6615087,2.85
isr,Israel,2005,33568.67104,80.5,6728206,2.79
isr,Israel,2006,34810.44561,80.7,6844032,2.83
isr,Israel,2007,36342.26407,81,6962455,2.85
isr,Israel,2008,36838.58616,81.4,7082620,2.9
isr,Israel,2009,36410.47315,81.8,7206096,2.94
isr,Israel,2010,37722.40999,82,7336735,3.03
isr,Israel,2011,39075.37538,82.1,7471023,3.01
isr,Israel,2012,39299.35155,82.3,7607780,3.05
isr,Israel,2013,40148.77745,82.5,7749379,3.04
isr,Israel,2014,40872.58084,82.6,7897179,3.08
isr,Israel,2015,40967.37076,82.7,8052908,3.09
isr,Israel,2016,41963.6758,82.9,8210005,3.11
isr,Israel,2017,42947.05867,83.1,8361797,3.12
isr,Israel,2018,43814.295,83.3,8510067,3.1
isr,Israel,2019,44580.80788,83.5,8657474,3.03
ita,Italy,1990,40221.91788,77,57031454,1.33
ita,Italy,1991,41010.35612,77.1,57075393,1.3
ita,Italy,1992,41516.33793,77.4,57124990,1.3
ita,Italy,1993,41319.99318,77.6,57170764,1.25
ita,Italy,1994,42379.44924,77.8,57420138,1.21
ita,Italy,1995,43778.58017,78.1,57403344,1.19
ita,Italy,1996,44520.76518,78.4,57162092,1.2
ita,Italy,1997,45512.41517,78.7,57189274,1.21
ita,Italy,1998,46466.03567,78.8,57215194,1.21
ita,Italy,1999,47384.28201,79.2,57240798,1.23
ita,Italy,2000,49342.92612,79.6,57272196,1.25
ita,Italy,2001,50434.86202,79.9,57305760,1.25
ita,Italy,2002,50612.1286,80,57420628,1.26
ita,Italy,2003,50510.92632,80,57739699,1.29
ita,Italy,2004,51002.70778,80.7,58176738,1.34
ita,Italy,2005,51210.1026,80.8,58519693,1.33
ita,Italy,2006,52029.1946,81.1,58754433,1.36
ita,Italy,2007,52557.3651,81.2,59108720,1.39
ita,Italy,2008,51693.55748,81.3,59561684,1.44
ita,Italy,2009,48725.66832,81.5,59904010,1.44
ita,Italy,2010,49301.69591,81.9,60164213,1.44
ita,Italy,2011,49473.01492,82,60367880,1.43
ita,Italy,2012,47795.95794,82,60531515,1.42
ita,Italy,2013,46833.36153,82.4,60653868,1.38
ita,Italy,2014,46825.65112,82.6,60664171,1.36
ita,Italy,2015,47311.82553,82.4,60575316,1.34
ita,Italy,2016,47987.83796,82.8,60478107,1.34
ita,Italy,2017,48849.21835,82.7,60390318,1.32
ita,Italy,2018,49133.14353,83,60277499,1.29
ita,Italy,2019,49690.62985,83.2,60130136,1.26
jam,Jamaica,1990,8541.40037,74.9,2379877,2.96
jam,Jamaica,1991,8826.64819,75.3,2400869,3
jam,Jamaica,1992,8967.40312,75.3,2424701,3.03
jam,Jamaica,1993,9581.35016,75.2,2449916,2.99
jam,Jamaica,1994,9662.44068,75,2475220,2.93
jam,Jamaica,1995,9826.48316,74.9,2500151,2.85
jam,Jamaica,1996,9757.55695,75.2,2524463,2.77
jam,Jamaica,1997,9576.89332,75.1,2547848,2.68
jam,Jamaica,1998,9317.96622,74.8,2569736,2.57
jam,Jamaica,1999,9363.70389,74.6,2589795,2.47
jam,Jamaica,2000,9400.15259,74.4,2607826,2.35
jam,Jamaica,2001,9485.24573,74.6,2624403,2.3
jam,Jamaica,2002,9619.29863,75.2,2640572,2.27
jam,Jamaica,2003,9930.79875,75.8,2656623,2.24
jam,Jamaica,2004,10020.77669,76.2,2672225,2.2
jam,Jamaica,2005,10069.94372,76.9,2687066,2.15
jam,Jamaica,2006,10322.36829,77.2,2700968,2.09
jam,Jamaica,2007,10432.74762,77.4,2713800,2.02
jam,Jamaica,2008,10313.15241,77.7,2725635,1.95
jam,Jamaica,2009,9833.36045,77.5,2736995,1.88
jam,Jamaica,2010,9654.07238,77.3,2748568,1.8
jam,Jamaica,2011,9778.69454,77,2760494,1.72
jam,Jamaica,2012,9676.84757,76.9,2772430,1.65
jam,Jamaica,2013,9687.6083,76.5,2783687,1.59
jam,Jamaica,2014,9719.3039,75.9,2793749,1.54
jam,Jamaica,2015,9778.11854,75.4,2802534,1.51
jam,Jamaica,2016,9886.55139,75.1,2809915,1.46
jam,Jamaica,2017,9964.39102,75,2815764,1.43
jam,Jamaica,2018,10137.11105,75,2820097,1.4
jam,Jamaica,2019,10216.06554,75.1,2823271,1.39
jor,Jordan,1990,7724.41779,70.7,3621908,5.54
jor,Jordan,1991,7329.54447,70.8,3915149,5.33
jor,Jordan,1992,7956.15672,70.8,4127693,5.14
jor,Jordan,1993,7896.73335,70.8,4348020,4.97
jor,Jordan,1994,7908.62953,70.9,4561406,4.82
jor,Jordan,1995,8071.73937,71,4752096,4.68
jor,Jordan,1996,7980.3108,71.1,4912516,4.51
jor,Jordan,1997,8033.70227,71.3,5046285,4.32
jor,Jordan,1998,8092.28367,71.4,5164284,4.11
jor,Jordan,1999,8189.87338,71.6,5276444,3.97
jor,Jordan,2000,8357.11725,71.7,5386945,3.86
jor,Jordan,2001,8607.27196,71.8,5498894,3.8
jor,Jordan,2002,8899.22011,72.1,5616066,3.81
jor,Jordan,2003,9045.26045,72.5,5741828,3.82
jor,Jordan,2004,9557.49136,72.7,5882061,3.73
jor,Jordan,2005,10046.66254,72.8,6029587,3.65
jor,Jordan,2006,10168.39047,73,6427371,3.71
jor,Jordan,2007,10320.72267,73.6,6827227,3.8
jor,Jordan,2008,10750.43681,74.1,6989866,3.88
jor,Jordan,2009,10993.70439,74.5,7141753,3.84
jor,Jordan,2010,10953.53763,74.9,7297043,3.78
jor,Jordan,2011,10977.48205,75.2,7480424,3.69
jor,Jordan,2012,11086.02994,75.5,7587127,3.57
jor,Jordan,2013,10799.35381,75.9,7991809,3.45
jor,Jordan,2014,10148.9981,76.2,8791710,3.3
jor,Jordan,2015,9581.68923,76.6,9544729,3.14
jor,Jordan,2016,9321.90451,76.9,10006367,3.07
jor,Jordan,2017,9339.8104,77.1,10234226,2.99
jor,Jordan,2018,9311.53116,77.4,10462306,2.92
jor,Jordan,2019,9288.52709,77.6,10671891,2.86
jpn,Japan,1990,36561.82247,79.2,123399765,1.51
jpn,Japan,1991,37618.90501,79.4,123889871,1.5
jpn,Japan,1992,37743.31866,79.5,124383708,1.48
jpn,Japan,1993,37436.93121,79.6,124839958,1.44
jpn,Japan,1994,37657.91112,80,125286860,1.47
jpn,Japan,1995,38489.46041,79.9,125672665,1.41
jpn,Japan,1996,39526.29383,80.5,125975302,1.4
jpn,Japan,1997,39748.99432,80.7,126265929,1.38
jpn,Japan,1998,39071.78509,80.8,126549181,1.37
jpn,Japan,1999,38799.63228,80.8,126801564,1.34
jpn,Japan,2000,39728.19279,81.3,127027789,1.35
jpn,Japan,2001,39710.67857,81.6,127260148,1.33
jpn,Japan,2002,39564.31383,81.9,127484598,1.31
jpn,Japan,2003,40010.84597,82,127671251,1.29
jpn,Japan,2004,40794.08013,82.2,127815774,1.28
jpn,Japan,2005,41444.59908,82.2,127913330,1.25
jpn,Japan,2006,41913.04913,82.5,127997247,1.29
jpn,Japan,2007,42413.86819,82.7,128087682,1.31
jpn,Japan,2008,41799.93643,82.8,128155990,1.33
jpn,Japan,2009,39354.08421,83.1,128192470,1.33
jpn,Japan,2010,40881.79724,83.1,128185275,1.36
jpn,Japan,2011,40967.34314,82.9,128096432,1.36
jpn,Japan,2012,41596.9238,83.4,127928285,1.38
jpn,Japan,2013,42492.24396,83.6,127723645,1.39
jpn,Japan,2014,42674.69763,83.9,127486605,1.39
jpn,Japan,2015,43386.71007,84.1,127275872,1.42
jpn,Japan,2016,43736.13051,84.3,127159951,1.41
jpn,Japan,2017,44505.27926,84.3,127064690,1.39
jpn,Japan,2018,44848.48994,84.4,126913432,1.37
jpn,Japan,2019,44730.91028,84.6,126699424,1.32
kaz,Kazakhstan,1990,16557.069,67.7,17154054,2.75
kaz,Kazakhstan,1991,14661.86796,67.2,17278600,2.68
kaz,Kazakhstan,1992,13868.80771,66.6,17332625,2.58
kaz,Kazakhstan,1993,12661.46039,65.6,17274487,2.48
kaz,Kazakhstan,1994,11239.37915,64.8,17043771,2.38
kaz,Kazakhstan,1995,10523.87527,64.2,16730536,2.25
kaz,Kazakhstan,1996,10775.223,64.3,16416027,2.08
kaz,Kazakhstan,1997,11206.03342,64.7,16043251,1.97
kaz,Kazakhstan,1998,11265.72535,65.3,15647785,1.94
kaz,Kazakhstan,1999,11724.33057,65.6,15455874,1.9
kaz,Kazakhstan,2000,12862.60587,65.8,15501103,1.9
kaz,Kazakhstan,2001,14550.60782,65.9,15575550,1.91
kaz,Kazakhstan,2002,15912.74277,65.8,15656677,1.96
kaz,Kazakhstan,2003,17309.4469,65.6,15747380,2.08
kaz,Kazakhstan,2004,18862.0876,65.7,15850159,2.2
kaz,Kazakhstan,2005,20549.64174,65.7,15968117,2.27
kaz,Kazakhstan,2006,22565.38931,65.8,16103716,2.38
kaz,Kazakhstan,2007,24348.27497,66.2,16257214,2.49
kaz,Kazakhstan,2008,24896.57281,67.1,16426525,2.62
kaz,Kazakhstan,2009,24903.34199,68.1,16619846,2.58
kaz,Kazakhstan,2010,26374.84077,68.7,16836810,2.61
kaz,Kazakhstan,2011,27946.16034,69.1,17066002,2.61
kaz,Kazakhstan,2012,28881.24176,69.7,17306106,2.64
kaz,Kazakhstan,2013,30177.48872,70.4,17556502,2.67
kaz,Kazakhstan,2014,30986.43792,71.3,17816285,2.76
kaz,Kazakhstan,2015,30893.75949,71.9,18084169,2.76
kaz,Kazakhstan,2016,30758.32273,72.4,18363600,2.8
kaz,Kazakhstan,2017,31524.44163,73,18651931,2.75
kaz,Kazakhstan,2018,32330.22745,73.3,18932727,2.85
kaz,Kazakhstan,2019,33298.21237,73.5,19209555,2.89
ken,Kenya,1990,3555.92601,62,22892651,6.14
ken,Kenya,1991,3536.59451,61.6,23646514,5.94
ken,Kenya,1992,3436.53681,61,24382460,5.74
ken,Kenya,1993,3382.16424,60.4,25117188,5.57
ken,Kenya,1994,3414.31304,59.7,25857130,5.44
ken,Kenya,1995,3504.63937,59.2,26601751,5.37
ken,Kenya,1996,3590.27654,58.6,27344211,5.31
ken,Kenya,1997,3546.62774,58,28101768,5.27
ken,Kenya,1998,3597.98521,57.5,28888057,5.24
ken,Kenya,1999,3610.84994,57.3,29733408,5.18
ken,Kenya,2000,3555.83431,57.2,30642890,5.14
ken,Kenya,2001,3606.92492,57.5,31619170,5.09
ken,Kenya,2002,3540.94796,57.6,32629808,5.03
ken,Kenya,2003,3558.41524,58,33652223,4.94
ken,Kenya,2004,3646.91912,58.4,34713455,4.86
ken,Kenya,2005,3766.38292,59.7,35796484,4.8
ken,Kenya,2006,3908.48133,61.3,36904008,4.75
ken,Kenya,2007,4071.14989,62.4,38036349,4.72
ken,Kenya,2008,3975.48846,63,39206351,4.66
ken,Kenya,2009,3999.46025,63.8,40408891,4.57
ken,Kenya,2010,4211.52463,64.4,41598567,4.45
ken,Kenya,2011,4307.10612,65,42758461,4.28
ken,Kenya,2012,4387.9379,65.5,43888303,4.12
ken,Kenya,2013,4443.37122,65.9,44986791,3.96
ken,Kenya,2014,4558.55155,66.5,46051440,3.84
ken,Kenya,2015,4679.62183,67,47088526,3.77
ken,Kenya,2016,4770.31046,67.6,48139687,3.69
ken,Kenya,2017,4846.86211,68.1,49197766,3.61
ken,Kenya,2018,5017.66785,68.4,50207107,3.54
ken,Kenya,2019,5171.71264,68.7,51202827,3.43
kgz,Kyrgyz Republic,1990,6508.76799,66.8,4459543,3.8
kgz,Kyrgyz Republic,1991,5863.51681,66.8,4532116,3.74
kgz,Kyrgyz Republic,1992,4968.25684,66.4,4600310,3.64
kgz,Kyrgyz Republic,1993,4207.55192,65.6,4626803,3.41
kgz,Kyrgyz Republic,1994,3348.37956,65,4649185,3.28
kgz,Kyrgyz Republic,1995,3118.39356,65.2,4713635,3.29
kgz,Kyrgyz Republic,1996,3273.8666,65.6,4782882,3.09
kgz,Kyrgyz Republic,1997,3529.73246,66.1,4847993,2.88
kgz,Kyrgyz Republic,1998,3534.35761,66.5,4907791,2.8
kgz,Kyrgyz Republic,1999,3594.55127,66.9,4968587,2.71
kgz,Kyrgyz Republic,2000,3730.63998,67,5025145,2.58
kgz,Kyrgyz Republic,2001,3878.12216,67.2,5071956,2.55
kgz,Kyrgyz Republic,2002,3829.19618,67.2,5116254,2.57
kgz,Kyrgyz Republic,2003,4043.10627,67.2,5159422,2.6
kgz,Kyrgyz Republic,2004,4262.81316,67.3,5203041,2.63
kgz,Kyrgyz Republic,2005,4196.50495,67.4,5246332,2.65
kgz,Kyrgyz Republic,2006,4270.37212,67.4,5282453,2.74
kgz,Kyrgyz Republic,2007,4581.30527,67.7,5313368,2.78
kgz,Kyrgyz Republic,2008,4908.8137,68.2,5342520,2.84
kgz,Kyrgyz Republic,2009,4976.42441,69,5398007,2.96
kgz,Kyrgyz Republic,2010,4876.47965,69.4,5491761,3.1
kgz,Kyrgyz Republic,2011,5092.85166,69.9,5594535,3.14
kgz,Kyrgyz Republic,2012,4993.39432,70.2,5696519,3.18
kgz,Kyrgyz Republic,2013,5418.54062,70.8,5797289,3.15
kgz,Kyrgyz Republic,2014,5513.75447,71.3,5898319,3.21
kgz,Kyrgyz Republic,2015,5600.21433,71.8,6001882,3.21
kgz,Kyrgyz Republic,2016,5715.01041,72.3,6108462,3.1
kgz,Kyrgyz Republic,2017,5861.222,72.8,6220150,3.04
kgz,Kyrgyz Republic,2018,5951.82877,73.5,6341732,3.28
kgz,Kyrgyz Republic,2019,6087.60194,74.5,6494035,3.33
khm,Cambodia,1990,2398.05802,58.3,7374752,5.64
khm,Cambodia,1991,2476.19031,58.5,7686850,5.59
khm,Cambodia,1992,2515.66469,58.8,8113083,5.49
khm,Cambodia,1993,2472.64388,59.1,8616381,5.43
khm,Cambodia,1994,1702.53557,59.2,9239162,5.28
khm,Cambodia,1995,1723.22113,59.5,10018497,5.08
khm,Cambodia,1996,1698.13522,59.9,10801270,4.87
khm,Cambodia,1997,1657.01824,60.5,11570982,4.4
khm,Cambodia,1998,1660.29774,60.9,12058173,4.13
khm,Cambodia,1999,1825.32941,61.7,12265731,3.93
khm,Cambodia,2000,1961.44747,62.4,12462336,3.79
khm,Cambodia,2001,2065.2722,63.2,12658484,3.69
khm,Cambodia,2002,2152.3577,64,12855241,3.57
khm,Cambodia,2003,2325.43103,64.9,13050968,3.43
khm,Cambodia,2004,2502.53676,65.8,13244731,3.31
khm,Cambodia,2005,2787.71365,66.6,13439202,3.24
khm,Cambodia,2006,3041.77375,67.5,13639028,3.18
khm,Cambodia,2007,3305.02309,68.2,13841770,3.13
khm,Cambodia,2008,3496.42884,69,14053479,3.05
khm,Cambodia,2009,3582.53377,69.6,14276810,2.97
khm,Cambodia,2010,3711.53751,70.1,14500726,2.86
khm,Cambodia,2011,3921.97912,70.7,14722584,2.78
khm,Cambodia,2012,4159.16354,71.1,14945085,2.75
khm,Cambodia,2013,4419.39887,71.4,15170208,2.74
khm,Cambodia,2014,4702.73062,71.8,15396772,2.73
khm,Cambodia,2015,4968.57277,72.2,15623251,2.73
khm,Cambodia,2016,5283.72965,72.4,15852803,2.73
khm,Cambodia,2017,5632.03126,72.8,16073372,2.72
khm,Cambodia,2018,6050.59088,73.1,16274522,2.72
khm,Cambodia,2019,6448.88456,73.3,16481304,2.73
kir,Kiribati,1990,2316.69618,65,74855,4.67
kir,Kiribati,1991,2173.07431,65,76367,4.64
kir,Kiribati,1992,2506.22638,65.2,77641,4.57
kir,Kiribati,1993,2472.24143,65.4,78841,4.49
kir,Kiribati,1994,2484.24256,65.5,80021,4.44
kir,Kiribati,1995,2499.6104,65.6,81234,4.42
kir,Kiribati,1996,2465.90657,66,82623,4.43
kir,Kiribati,1997,2451.99965,66.2,84147,4.37
kir,Kiribati,1998,2523.90964,66.4,85657,4.29
kir,Kiribati,1999,2391.71773,66.7,87126,4.19
kir,Kiribati,2000,2505.66286,66.9,88613,4.07
kir,Kiribati,2001,2384.28348,67.1,90335,3.96
kir,Kiribati,2002,2372.64843,67.3,92264,3.81
kir,Kiribati,2003,2293.03555,67.6,94175,3.7
kir,Kiribati,2004,2227.16408,67.8,96085,3.73
kir,Kiribati,2005,2212.14122,68,98035,3.76
kir,Kiribati,2006,2280.04051,68.2,100017,3.82
kir,Kiribati,2007,2297.18898,68.4,102068,3.87
kir,Kiribati,2008,2179.61155,68.6,104222,3.9
kir,Kiribati,2009,2141.59941,68.8,106467,3.91
kir,Kiribati,2010,2119.64018,68.9,108704,3.9
kir,Kiribati,2011,2150.38302,69.1,110647,3.88
kir,Kiribati,2012,2242.01379,69.3,112284,3.77
kir,Kiribati,2013,2382.37034,69.6,113838,3.64
kir,Kiribati,2014,2381.34837,69.8,115326,3.52
kir,Kiribati,2015,2615.84119,70.1,116815,3.44
kir,Kiribati,2016,2761.93353,70.3,118478,3.38
kir,Kiribati,2017,2822.66919,70.6,120275,3.34
kir,Kiribati,2018,2877.60161,68.6,122084,3.32
kir,Kiribati,2019,2927.48488,71,123921,3.29
kna,St. Kitts and Nevis,1990,15908.90989,68.8,40432,2.73
kna,St. Kitts and Nevis,1991,15538.7982,69.3,40358,2.6
kna,St. Kitts and Nevis,1992,15981.40671,69.6,40715,2.43
kna,St. Kitts and Nevis,1993,16771.79631,69.9,41242,2.38
kna,St. Kitts and Nevis,1994,17349.3747,70.2,41776,2.31
kna,St. Kitts and Nevis,1995,17959.96491,70.1,42326,2.3
kna,St. Kitts and Nevis,1996,18679.37213,70.3,42877,2.26
kna,St. Kitts and Nevis,1997,19610.55207,70.7,43428,2.3
kna,St. Kitts and Nevis,1998,19174.0598,70.7,43998,2.31
kna,St. Kitts and Nevis,1999,19431.89979,71.2,44601,2.26
kna,St. Kitts and Nevis,2000,20983.72711,71.4,45248,2.13
kna,St. Kitts and Nevis,2001,21721.90173,71.6,45761,2.08
kna,St. Kitts and Nevis,2002,21781.74987,71.9,46020,2.04
kna,St. Kitts and Nevis,2003,20727.10175,72.2,46176,2
kna,St. Kitts and Nevis,2004,21353.81277,72.4,46315,1.96
kna,St. Kitts and Nevis,2005,23227.34239,72.6,46437,1.93
kna,St. Kitts and Nevis,2006,23750.28261,72.9,46569,1.9
kna,St. Kitts and Nevis,2007,23685.70446,73.3,46706,1.87
kna,St. Kitts and Nevis,2008,26123.91089,73.4,46835,1.83
kna,St. Kitts and Nevis,2009,25079.80936,73.5,46916,1.8
kna,St. Kitts and Nevis,2010,24997.56725,73.6,46846,1.76
kna,St. Kitts and Nevis,2011,25380.00873,73.6,46886,1.74
kna,St. Kitts and Nevis,2012,25114.05726,73.9,47033,1.71
kna,St. Kitts and Nevis,2013,26532.10166,74.1,47069,1.68
kna,St. Kitts and Nevis,2014,28530.30722,74.2,47089,1.67
kna,St. Kitts and Nevis,2015,28729.56645,74.2,47087,1.64
kna,St. Kitts and Nevis,2016,29867.02656,74.3,47075,1.63
kna,St. Kitts and Nevis,2017,29948.92001,74.5,47050,1.61
kna,St. Kitts and Nevis,2018,30576.24867,74.7,47008,1.59
kna,St. Kitts and Nevis,2019,31512.19431,74.8,46952,1.57
kor,South Korea,1990,15042.97471,71.7,44081427,1.6
kor,South Korea,1991,16383.91126,72.2,44439150,1.7
kor,South Korea,1992,17119.33828,72.9,44653695,1.74
kor,South Korea,1993,18009.37843,73.4,44887724,1.68
kor,South Korea,1994,19374.60941,73.6,45130840,1.67
kor,South Korea,1995,20914.21995,74.1,45368425,1.65
kor,South Korea,1996,22227.50249,74.6,45638700,1.6
kor,South Korea,1997,23258.04721,74.8,45941537,1.56
kor,South Korea,1998,21794.22141,75.1,46230878,1.5
kor,South Korea,1999,24013.38446,75.6,46500383,1.47
kor,South Korea,2000,25861.5996,76.2,46766661,1.47
kor,South Korea,2001,26795.53081,76.8,47043468,1.34
kor,South Korea,2002,28587.43844,77.1,47299120,1.23
kor,South Korea,2003,29230.37327,77.6,47514160,1.2
kor,South Korea,2004,30525.00934,78.1,47697075,1.16
kor,South Korea,2005,31672.64627,78.7,47851644,1.12
kor,South Korea,2006,33076.42929,79.2,48006518,1.15
kor,South Korea,2007,34729.10397,79.6,48178118,1.22
kor,South Korea,2008,35425.44575,80.1,48356493,1.19
kor,South Korea,2009,35452.77854,80.5,48546687,1.18
kor,South Korea,2010,37610.97291,80.7,48769332,1.23
kor,South Korea,2011,38698.4611,81.1,49127643,1.26
kor,South Korea,2012,39420.41939,81.3,49599579,1.27
kor,South Korea,2013,40483.25341,81.8,50071164,1.21
kor,South Korea,2014,41518.09423,82.2,50539056,1.2
kor,South Korea,2015,42459.90289,82.4,50983912,1.2
kor,South Korea,2016,43538.02127,82.7,51297839,1.14
kor,South Korea,2017,44787.64824,82.9,51486270,1.04
kor,South Korea,2018,45890.43041,83,51640894,0.95
kor,South Korea,2019,46757.26145,83.4,51767846,0.88
kwt,Kuwait,1990,28477.12306,71.8,1684819,3.49
kwt,Kuwait,1991,20545.20783,69.9,1351399,3.4
kwt,Kuwait,1992,34188.16891,74.5,1634961,3.35
kwt,Kuwait,1993,47190.8094,74.3,1672151,3.31
kwt,Kuwait,1994,53424.1207,74.4,1664361,3.27
kwt,Kuwait,1995,56907.2168,74.3,1681513,3.25
kwt,Kuwait,1996,57153.54302,74.2,1730246,3.22
kwt,Kuwait,1997,57809.75925,74.4,1787683,3.14
kwt,Kuwait,1998,58928.19815,74.6,1844302,3.04
kwt,Kuwait,1999,56880.07903,75,1900030,2.95
kwt,Kuwait,2000,58580.26386,75.3,1954709,2.89
kwt,Kuwait,2001,57799.99596,75.3,2008121,2.84
kwt,Kuwait,2002,58629.24067,75.4,2059974,2.8
kwt,Kuwait,2003,67698.87165,75.7,2109881,2.77
kwt,Kuwait,2004,73414.45772,76.1,2157320,2.76
kwt,Kuwait,2005,78600.30407,76.5,2236788,2.73
kwt,Kuwait,2006,80163.48958,76.4,2364733,2.59
kwt,Kuwait,2007,80178.19205,76.7,2507887,2.41
kwt,Kuwait,2008,77620.47674,77,2651421,2.27
kwt,Kuwait,2009,68208.16378,77.5,2795484,2.16
kwt,Kuwait,2010,62956.21532,78,2943372,2.04
kwt,Kuwait,2011,64844.50189,78.1,3132814,1.96
kwt,Kuwait,2012,64908.26275,78.6,3337025,1.99
kwt,Kuwait,2013,62458.80891,79,3507746,1.97
kwt,Kuwait,2014,60065.65444,79.4,3665766,2.06
kwt,Kuwait,2015,57763.51744,79.6,3834454,2.03
kwt,Kuwait,2016,56936.62084,79.6,4003971,2.06
kwt,Kuwait,2017,52285.58712,79.8,4154685,2.16
kwt,Kuwait,2018,51623.80791,80,4323387,2.12
kwt,Kuwait,2019,51380.6455,80.2,4442194,2.09
lao,Lao,1990,1997.54628,50.8,4311955,6.06
lao,Lao,1991,2029.66793,51.2,4435118,5.99
lao,Lao,1992,2088.17962,51.6,4559646,5.9
lao,Lao,1993,2155.94745,51.9,4685060,5.8
lao,Lao,1994,2273.81616,52.3,4809220,5.6
lao,Lao,1995,2376.23618,53.1,4929409,5.36
lao,Lao,1996,2486.35979,53.8,5045678,5.15
lao,Lao,1997,2604.67054,54.6,5152011,4.96
lao,Lao,1998,2658.85383,55.2,5248266,4.79
lao,Lao,1999,2803.33226,56.1,5340784,4.64
lao,Lao,2000,2916.10923,56.9,5431212,4.43
lao,Lao,2001,3033.61249,57.8,5521482,4.29
lao,Lao,2002,3163.07732,58.7,5610889,4.13
lao,Lao,2003,3304.59077,59.6,5697945,4.02
lao,Lao,2004,3464.16562,60.4,5781626,3.9
lao,Lao,2005,3651.7154,61.1,5869523,3.69
lao,Lao,2006,3880.73142,61.8,5963200,3.56
lao,Lao,2007,4129.17689,62.4,6056236,3.44
lao,Lao,2008,4379.65438,63,6148969,3.33
lao,Lao,2009,4631.96746,63.5,6241642,3.23
lao,Lao,2010,4946.10564,63.9,6334194,3.14
lao,Lao,2011,5266.87867,64.3,6426590,3.05
lao,Lao,2012,5608.96956,64.7,6518978,2.95
lao,Lao,2013,5974.47369,64.9,6611385,2.87
lao,Lao,2014,6341.2123,65.2,6703172,2.8
lao,Lao,2015,6703.74124,65.4,6801645,2.8
lao,Lao,2016,7063.25545,65.6,6908802,2.74
lao,Lao,2017,7432.45963,65.8,7018147,2.69
lao,Lao,2018,7775.08575,65.9,7128045,2.63
lao,Lao,2019,8075.27502,66.1,7237636,2.59
lbn,Lebanon,1990,4962.6449,74.7,3595175,3.27
lbn,Lebanon,1991,7208.52175,76.9,3668912,3.16
lbn,Lebanon,1992,8115.19841,77,3747371,3.05
lbn,Lebanon,1993,8878.50235,77.2,3820647,2.94
lbn,Lebanon,1994,9564.08602,77.5,3889799,2.82
lbn,Lebanon,1995,10137.14874,77.7,3960735,2.73
lbn,Lebanon,1996,11087.77395,77.9,4034781,2.7
lbn,Lebanon,1997,11070.09395,78.3,4108405,2.67
lbn,Lebanon,1998,11404.31162,78.6,4181281,2.65
lbn,Lebanon,1999,11264.19941,79,4255277,2.63
lbn,Lebanon,2000,11315.07118,79.3,4329340,2.6
lbn,Lebanon,2001,11634.75954,79.7,4401918,2.58
lbn,Lebanon,2002,11930.2893,80.1,4463504,2.52
lbn,Lebanon,2003,12201.25174,80.4,4525508,2.46
lbn,Lebanon,2004,12864.28796,80.6,4599279,2.38
lbn,Lebanon,2005,13041.6867,80.6,4671102,2.29
lbn,Lebanon,2006,13040.91933,79.9,4751136,2.24
lbn,Lebanon,2007,13987.73909,80.5,4844118,2.2
lbn,Lebanon,2008,15001.4709,80.4,4925354,2.17
lbn,Lebanon,2009,16297.40785,80.4,4992287,2.19
lbn,Lebanon,2010,17390.7584,80.4,5041288,2.26
lbn,Lebanon,2011,17353.19608,80,5096020,2.32
lbn,Lebanon,2012,17323.30138,79.4,5235742,2.35
lbn,Lebanon,2013,16396.49693,78.9,5743436,2.36
lbn,Lebanon,2014,15205.87327,78.7,6346990,2.38
lbn,Lebanon,2015,14980.02052,79,6472469,2.38
lbn,Lebanon,2016,15572.36117,80,6323060,2.39
lbn,Lebanon,2017,16128.58382,80.3,6160128,2.37
lbn,Lebanon,2018,16290.05165,79.7,5984119,2.35
lbn,Lebanon,2019,15659.5661,77.6,5794594,2.33
lbr,Liberia,1990,1970.51446,46.8,2223667,6.37
lbr,Liberia,1991,1890.22945,48.4,1956518,6.32
lbr,Liberia,1992,1141.59794,48.9,2072461,6.28
lbr,Liberia,1993,725.66049,47.5,2155126,6.25
lbr,Liberia,1994,562.39617,46.4,2149928,6.21
lbr,Liberia,1995,528.23223,47.8,2169162,6.17
lbr,Liberia,1996,570.03777,46.3,2232289,6.13
lbr,Liberia,1997,1077.24865,49.6,2412989,6.08
lbr,Liberia,1998,1256.30839,50,2670124,6.02
lbr,Liberia,1999,1441.08555,50.7,2821684,5.95
lbr,Liberia,2000,1773.49234,51.7,2928117,5.88
lbr,Liberia,2001,1809.79138,52.7,3015338,5.77
lbr,Liberia,2002,1876.64189,52.6,3094782,5.65
lbr,Liberia,2003,1290.02676,52.8,3119532,5.55
lbr,Liberia,2004,1296.5855,55.3,3156892,5.51
lbr,Liberia,2005,1309.06143,56,3301015,5.52
lbr,Liberia,2006,1342.61658,56.5,3490787,5.53
lbr,Liberia,2007,1402.31948,57.2,3669050,5.46
lbr,Liberia,2008,1450.60369,57.5,3821003,5.33
lbr,Liberia,2009,1486.86272,57.7,3943028,5.17
lbr,Liberia,2010,1538.85083,57.9,4058890,5.06
lbr,Liberia,2011,1601.03374,58.2,4221178,4.97
lbr,Liberia,2012,1668.9729,58.2,4373043,4.88
lbr,Liberia,2013,1774.52058,58.3,4470239,4.75
lbr,Liberia,2014,1750.14385,55.5,4564293,4.62
lbr,Liberia,2015,1714.09048,57.7,4659431,4.52
lbr,Liberia,2016,1653.3105,59.6,4755608,4.46
lbr,Liberia,2017,1661.30291,60.2,4848925,4.4
lbr,Liberia,2018,1647.97444,60.7,4944726,4.34
lbr,Liberia,2019,1575.76665,60.9,5043721,4.26
lby,Libya,1990,13562.45979,70.5,4445239,4.78
lby,Libya,1991,15870.39358,70.9,4544400,4.46
lby,Libya,1992,15607.76257,71.2,4640352,4.16
lby,Libya,1993,15169.59118,71.7,4733045,3.88
lby,Libya,1994,15600.96715,72.1,4822037,3.65
lby,Libya,1995,15401.70596,72.4,4906843,3.44
lby,Libya,1996,15887.98641,71.9,4987393,3.26
lby,Libya,1997,16827.35268,72.9,5064639,3.13
lby,Libya,1998,16284.91933,72.8,5140704,3.04
lby,Libya,1999,16433.90703,72.9,5218038,2.97
lby,Libya,2000,16980.38363,73,5305021,2.91
lby,Libya,2001,16648.99624,73.1,5403639,2.87
lby,Libya,2002,16355.17401,73.1,5508410,2.83
lby,Libya,2003,18291.09457,73.2,5619398,2.8
lby,Libya,2004,18855.45539,73.3,5736693,2.77
lby,Libya,2005,20743.89301,73.3,5858798,2.77
lby,Libya,2006,21719.57712,73.5,5980211,2.7
lby,Libya,2007,22619.89506,73.6,6104380,2.65
lby,Libya,2008,22178.26602,73.8,6235430,2.6
lby,Libya,2009,20672.92354,73.9,6366686,2.56
lby,Libya,2010,21109.96793,74,6497839,2.6
lby,Libya,2011,10739.09317,71.7,6343203,2.65
lby,Libya,2012,20595.58004,73.9,6179328,2.68
lby,Libya,2013,16553.14265,74.3,6304628,2.72
lby,Libya,2014,12495.79297,72.7,6427252,2.75
lby,Libya,2015,12192.13862,72.9,6531819,2.71
lby,Libya,2016,11828.71138,73.2,6632126,2.67
lby,Libya,2017,15424.05543,74,6738770,2.63
lby,Libya,2018,16380.85155,74.3,6849055,2.58
lby,Libya,2019,14333.42244,74.2,6951033,2.54
lca,St. Lucia,1990,13287.91677,70.6,137857,3.24
lca,St. Lucia,1991,13427.31026,70.9,139520,3.19
lca,St. Lucia,1992,14549.49555,71.3,141617,3.11
lca,St. Lucia,1993,14671.6962,71.5,143726,3
lca,St. Lucia,1994,14942.21863,71.7,145890,3.03
lca,St. Lucia,1995,15217.84046,72,148208,3.03
lca,St. Lucia,1996,15682.04182,72.4,150436,2.71
lca,St. Lucia,1997,15592.99891,72.9,152569,2.74
lca,St. Lucia,1998,16598.63339,73.3,154677,2.4
lca,St. Lucia,1999,17068.36423,73.6,156702,2.5
lca,St. Lucia,2000,17094.41493,73.9,158616,2.21
lca,St. Lucia,2001,16544.95503,74.1,160237,2.13
lca,St. Lucia,2002,16666.96197,74.3,161641,2.03
lca,St. Lucia,2003,17441.56304,74.3,162976,1.94
lca,St. Lucia,2004,18770.48958,74.5,164239,1.86
lca,St. Lucia,2005,18740.06188,74.7,165450,1.81
lca,St. Lucia,2006,19947.63643,75,166639,1.77
lca,St. Lucia,2007,20314.52634,75.3,167758,1.7
lca,St. Lucia,2008,21350.20787,75.7,168808,1.7
lca,St. Lucia,2009,20775.71543,75.8,169869,1.74
lca,St. Lucia,2010,20849.05512,75.6,170906,1.67
lca,St. Lucia,2011,21637.86869,76.1,171801,1.5
lca,St. Lucia,2012,21515.89963,76.4,172587,1.5
lca,St. Lucia,2013,21029.28889,76.2,173369,1.5
lca,St. Lucia,2014,21214.47733,76.6,174138,1.49
lca,St. Lucia,2015,21142.97333,76.7,174905,1.47
lca,St. Lucia,2016,21775.47377,76.8,175646,1.46
lca,St. Lucia,2017,22422.59704,77,176342,1.45
lca,St. Lucia,2018,22981.91793,77.2,177017,1.44
lca,St. Lucia,2019,22738.24711,77.4,177661,1.42
lka,Sri Lanka,1990,4725.14235,69.4,16352458,2.54
lka,Sri Lanka,1991,4963.18272,69.8,16475354,2.51
lka,Sri Lanka,1992,4991.03772,70.6,16739284,2.49
lka,Sri Lanka,1993,5244.50914,71.3,17025918,2.44
lka,Sri Lanka,1994,5472.72143,71.4,17275773,2.41
lka,Sri Lanka,1995,5677.24265,70.6,17564068,2.35
lka,Sri Lanka,1996,5863.58357,70.4,17905018,2.29
lka,Sri Lanka,1997,6147.39813,70.7,18248200,2.22
lka,Sri Lanka,1998,6227.93106,70.9,18596003,2.14
lka,Sri Lanka,1999,6344.75278,71.5,18944731,2.14
lka,Sri Lanka,2000,6608.71259,71.8,19293054,2.21
lka,Sri Lanka,2001,6381.1372,72.5,19600362,2.28
lka,Sri Lanka,2002,6539.77854,73.2,19805752,2.31
lka,Sri Lanka,2003,6854.39425,73.6,19951521,2.3
lka,Sri Lanka,2004,7156.22946,68.2,20087605,2.27
lka,Sri Lanka,2005,7533.6151,74,20216524,2.26
lka,Sri Lanka,2006,8037.25742,74,20352411,2.29
lka,Sri Lanka,2007,8505.18757,74.2,20492545,2.3
lka,Sri Lanka,2008,8932.08535,73.5,20629378,2.23
lka,Sri Lanka,2009,9173.15096,73.4,20756435,2.18
lka,Sri Lanka,2010,9832.18622,74.2,20879089,2.13
lka,Sri Lanka,2011,10618.4926,75.4,21009048,2.14
lka,Sri Lanka,2012,11447.69377,76,21169458,2.17
lka,Sri Lanka,2013,12249.72234,76.2,21358827,2.18
lka,Sri Lanka,2014,12909.96631,76.4,21547456,2.13
lka,Sri Lanka,2015,13329.77934,76.6,21729971,2.09
lka,Sri Lanka,2016,13845.61468,76.9,21910772,2.06
lka,Sri Lanka,2017,14572.48582,77,22087522,2.04
lka,Sri Lanka,2018,14759.82489,77.2,22253118,2.03
lka,Sri Lanka,2019,14637.44429,77.6,22410552,2.02
lso,Lesotho,1990,1673.41253,58.9,1809696,4.81
lso,Lesotho,1991,1713.75665,59,1842379,4.68
lso,Lesotho,1992,1781.40409,58.9,1873274,4.54
lso,Lesotho,1993,1792.70844,58.5,1901793,4.37
lso,Lesotho,1994,1847.59534,57.9,1927707,4.21
lso,Lesotho,1995,1858.31787,57,1951437,4.13
lso,Lesotho,1996,1922.50485,55.7,1972418,4.06
lso,Lesotho,1997,1958.72742,54,1988130,3.98
lso,Lesotho,1998,1962.85472,52.1,1998049,3.82
lso,Lesotho,1999,1957.4962,50,2003234,3.67
lso,Lesotho,2000,2018.82258,47.9,2003913,3.61
lso,Lesotho,2001,2079.02974,45.8,2000853,3.63
lso,Lesotho,2002,2084.95818,43.9,1994679,3.68
lso,Lesotho,2003,2176.65739,42.4,1985059,3.62
lso,Lesotho,2004,2217.41832,41.4,1971129,3.51
lso,Lesotho,2005,2302.38253,42.7,1953076,3.43
lso,Lesotho,2006,2400.48772,45.6,1945063,3.41
lso,Lesotho,2007,2484.13606,49.3,1953268,3.44
lso,Lesotho,2008,2597.78691,52.3,1966541,3.39
lso,Lesotho,2009,2543.48624,53,1980883,3.31
lso,Lesotho,2010,2651.37805,53.3,1996251,3.25
lso,Lesotho,2011,2749.31958,53.3,2014009,3.34
lso,Lesotho,2012,2894.22705,52.9,2034354,3.3
lso,Lesotho,2013,2914.37516,52.5,2056504,3.28
lso,Lesotho,2014,2930.61724,51.8,2080089,3.24
lso,Lesotho,2015,2986.95867,51.7,2104611,3.22
lso,Lesotho,2016,3057.26092,53.2,2130422,3.18
lso,Lesotho,2017,2924.68096,54.8,2157110,3.11
lso,Lesotho,2018,2846.41828,55.9,2183603,3.02
lso,Lesotho,2019,2773.2864,56.5,2209405,2.92
ltu,Lithuania,1990,19949.09441,70.9,3695012,2.03
ltu,Lithuania,1991,18812.80559,70.5,3701407,2.01
ltu,Lithuania,1992,14850.77443,70,3697544,1.97
ltu,Lithuania,1993,12520.26379,69.3,3680197,1.74
ltu,Lithuania,1994,11393.14657,68.9,3654891,1.58
ltu,Lithuania,1995,11923.94361,69.2,3627038,1.55
ltu,Lithuania,1996,12638.977,69.9,3599711,1.5
ltu,Lithuania,1997,13807.16042,70.6,3573409,1.47
ltu,Lithuania,1998,14964.64492,71.2,3547771,1.46
ltu,Lithuania,1999,14924.31356,71.6,3522901,1.46
ltu,Lithuania,2000,15572.75456,71.9,3500402,1.38
ltu,Lithuania,2001,16741.67663,71.8,3473004,1.28
ltu,Lithuania,2002,18034.14359,71.7,3444050,1.23
ltu,Lithuania,2003,20124.46223,71.7,3415278,1.26
ltu,Lithuania,2004,21703.07383,71.5,3376699,1.27
ltu,Lithuania,2005,23794.49118,71.1,3322263,1.29
ltu,Lithuania,2006,25998.13053,70.9,3269808,1.32
ltu,Lithuania,2007,29260.05645,71.1,3231374,1.36
ltu,Lithuania,2008,30369.42416,71.6,3198481,1.44
ltu,Lithuania,2009,26184.70551,72.3,3163254,1.5
ltu,Lithuania,2010,26887.49131,72.9,3097720,1.5
ltu,Lithuania,2011,29240.74879,73.4,3028642,1.55
ltu,Lithuania,2012,30920.3304,73.8,2988329,1.59
ltu,Lithuania,2013,32474.64135,74.1,2958360,1.58
ltu,Lithuania,2014,33975.08438,74.5,2933168,1.63
ltu,Lithuania,2015,35251.29869,74.7,2905764,1.71
ltu,Lithuania,2016,36618.14684,75.1,2869110,1.69
ltu,Lithuania,2017,38774.4892,75.5,2829313,1.63
ltu,Lithuania,2018,41019.79016,75.9,2802478,1.64
ltu,Lithuania,2019,43062.32284,76,2795058,1.61
lux,Luxembourg,1990,70450.73731,75.2,381700,1.6
lux,Luxembourg,1991,75992.95555,75.5,386817,1.61
lux,Luxembourg,1992,76838.0963,75.8,391964,1.65
lux,Luxembourg,1993,79507.28223,76,397200,1.71
lux,Luxembourg,1994,81962.54235,76.4,402590,1.73
lux,Luxembourg,1995,82523.00094,76.6,408227,1.71
lux,Luxembourg,1996,83103.31528,76.8,413776,1.77
lux,Luxembourg,1997,87156.66183,77.1,418969,1.72
lux,Luxembourg,1998,92370.37884,77.5,424154,1.69
lux,Luxembourg,1999,99331.00008,77.8,429897,1.74
lux,Luxembourg,2000,105744.8971,78.1,436132,1.76
lux,Luxembourg,2001,108404.5395,78.5,441752,1.66
lux,Luxembourg,2002,111622.4333,78.6,446389,1.63
lux,Luxembourg,2003,113887.9356,78.8,451838,1.62
lux,Luxembourg,2004,117865.5346,79.2,458296,1.66
lux,Luxembourg,2005,119947.1266,79.6,465363,1.63
lux,Luxembourg,2006,126076.8982,79.8,472866,1.65
lux,Luxembourg,2007,135296.0133,80.1,480270,1.61
lux,Luxembourg,2008,133542.6202,80.4,488990,1.61
lux,Luxembourg,2009,127891.4399,80.7,498187,1.59
lux,Luxembourg,2010,131432.0596,80.9,507410,1.62
lux,Luxembourg,2011,129885.3698,81.1,518584,1.53
lux,Luxembourg,2012,128895.4051,81.4,530947,1.57
lux,Luxembourg,2013,129945.4538,81.7,543354,1.55
lux,Luxembourg,2014,130247.6617,81.9,556279,1.5
lux,Luxembourg,2015,130097.2562,82.1,569536,1.46
lux,Luxembourg,2016,133661.6497,82.3,583506,1.42
lux,Luxembourg,2017,132169.834,82.5,596495,1.39
lux,Luxembourg,2018,131733.8846,82.8,608101,1.38
lux,Luxembourg,2019,132724.7527,83,620163,1.34
lva,Latvia,1990,18469.45244,69.9,2660131,1.99
lva,Latvia,1991,16142.94604,69.4,2648940,1.84
lva,Latvia,1992,11060.66796,68.6,2614827,1.72
lva,Latvia,1993,10492.83985,67.6,2563820,1.5
lva,Latvia,1994,10870.31931,67.1,2521233,1.38
lva,Latvia,1995,10898.90733,67.6,2485949,1.25
lva,Latvia,1996,11246.71372,68.6,2457905,1.16
lva,Latvia,1997,12366.17297,69.4,2433231,1.12
lva,Latvia,1998,13270.62735,69.8,2410209,1.1
lva,Latvia,1999,13723.90657,70.1,2390822,1.17
lva,Latvia,2000,14631.5001,70.3,2368313,1.24
lva,Latvia,2001,15755.35528,70.4,2338301,1.22
lva,Latvia,2002,17128.81367,70.6,2311351,1.26
lva,Latvia,2003,18734.42372,70.8,2288984,1.32
lva,Latvia,2004,20570.08999,70.9,2264174,1.3
lva,Latvia,2005,23183.29827,70.9,2239784,1.39
lva,Latvia,2006,26380.36588,70.9,2219032,1.46
lva,Latvia,2007,29365.76926,71.4,2200776,1.54
lva,Latvia,2008,28681.14263,72.1,2177711,1.59
lva,Latvia,2009,24505.49003,72.8,2142043,1.47
lva,Latvia,2010,24119.73078,73.3,2097831,1.37
lva,Latvia,2011,25308.73221,73.7,2059941,1.34
lva,Latvia,2012,27496.54546,74.1,2034633,1.44
lva,Latvia,2013,28375.18429,74.4,2013010,1.53
lva,Latvia,2014,29243.74125,74.8,1994149,1.65
lva,Latvia,2015,30599.61331,75.1,1977867,1.71
lva,Latvia,2016,31668.51484,75.3,1959863,1.74
lva,Latvia,2017,33036.39159,75.6,1942594,1.7
lva,Latvia,2018,34729.70628,75.9,1927588,1.61
lva,Latvia,2019,35208.19346,76.2,1914263,1.61
mar,Morocco,1990,4707.6158,65,24375551,4.06
mar,Morocco,1991,4945.55518,65.4,24799014,3.95
mar,Morocco,1992,4747.32519,65.7,25212468,3.76
mar,Morocco,1993,4622.96899,66,25614586,3.55
mar,Morocco,1994,5019.51317,66.4,26000822,3.41
mar,Morocco,1995,4661.20989,66.8,26399429,3.3
mar,Morocco,1996,5141.33474,67.2,26808107,3.23
mar,Morocco,1997,4969.39377,67.5,27213337,3.15
mar,Morocco,1998,5233.47973,67.8,27621648,3.04
mar,Morocco,1999,5223.66957,68,28027179,2.88
mar,Morocco,2000,5262.19116,68.3,28423435,2.77
mar,Morocco,2001,5571.15868,68.6,28814643,2.69
mar,Morocco,2002,5681.19619,68.8,29198142,2.62
mar,Morocco,2003,5935.52988,69,29571415,2.61
mar,Morocco,2004,6109.49798,69.2,29953018,2.61
mar,Morocco,2005,6201.10325,69.5,30358144,2.61
mar,Morocco,2006,6572.15745,69.8,30771178,2.61
mar,Morocco,2007,6685.63947,70,31186468,2.62
mar,Morocco,2008,6948.25428,70.3,31606767,2.61
mar,Morocco,2009,7088.24049,70.7,32030778,2.62
mar,Morocco,2010,7210.63672,70.9,32467016,2.63
mar,Morocco,2011,7503.79297,71.2,32912588,2.6
mar,Morocco,2012,7628.64404,71.4,33355241,2.54
mar,Morocco,2013,7839.03223,71.6,33787571,2.48
mar,Morocco,2014,7951.79834,71.9,34204780,2.43
mar,Morocco,2015,8198.80859,72,34607588,2.41
mar,Morocco,2016,8141.94043,72.2,35023457,2.4
mar,Morocco,2017,8450.00879,72.4,35446392,2.38
mar,Morocco,2018,8611.75,72.4,35839760,2.35
mar,Morocco,2019,8768.17578,72.5,36210898,2.34
mco,Monaco,1990,166038.445,76.2,30358,1.85
mco,Monaco,1991,170342.5597,76.3,30625,1.79
mco,Monaco,1992,175340.5875,76.4,30887,1.76
mco,Monaco,1993,176466.7462,76.4,31136,1.75
mco,Monaco,1994,183286.656,76.5,31375,1.76
mco,Monaco,1995,190296.1471,76.6,31609,1.78
mco,Monaco,1996,195770.6682,76.6,31837,1.82
mco,Monaco,1997,203764.869,76.7,32063,1.88
mco,Monaco,1998,214744.4599,76.7,32267,1.95
mco,Monaco,1999,225751.4628,76.8,32410,2.01
mco,Monaco,2000,238547.0417,76.9,32455,2.08
mco,Monaco,2001,246826.2616,77.1,32447,2.18
mco,Monaco,2002,253119.6762,77.2,32422,2.01
mco,Monaco,2003,259620.0048,77.2,32374,1.91
mco,Monaco,2004,269933.6927,77.3,32307,1.99
mco,Monaco,2005,278689.2909,77.4,32210,2.01
mco,Monaco,2006,294763.3933,77.6,32057,2.1
mco,Monaco,2007,335747.8329,77.8,31837,2.21
mco,Monaco,2008,336887.0953,78,31836,2.38
mco,Monaco,2009,308897.2706,78.1,32364,2.4
mco,Monaco,2010,317914.6823,78.3,33163,2.39
mco,Monaco,2011,341018.7763,78.5,33946,2.22
mco,Monaco,2012,341018.7763,78.7,34711,2.29
mco,Monaco,2013,339873.8466,78.8,35447,2.31
mco,Monaco,2014,342110.8631,79,36128,2.49
mco,Monaco,2015,345111.166,79.3,36757,2.5
mco,Monaco,2016,349538.2275,79.6,37276,2.58
mco,Monaco,2017,352820.3593,79.9,37678,2.42
mco,Monaco,2018,356466.52,80.2,38154,2.49
mco,Monaco,2019,382300.98,80.4,38109,2.4
mda,Moldova,1990,15057.0714,68.2,4451148,2.39
mda,Moldova,1991,12543.18788,67.9,4456609,2.28
mda,Moldova,1992,8884.02104,67.3,4455711,2.22
mda,Moldova,1993,8781.81472,67.1,4448239,2.11
mda,Moldova,1994,6083.75393,66.5,4434456,1.99
mda,Moldova,1995,6025.91653,66.3,4414211,1.83
mda,Moldova,1996,5690.07246,66.8,4387655,1.71
mda,Moldova,1997,5815.49518,67.7,4355538,1.79
mda,Moldova,1998,5454.66196,68.5,4318715,1.65
mda,Moldova,1999,5296.88384,68.7,4278216,1.56
mda,Moldova,2000,5439.47218,68.9,4234967,1.5
mda,Moldova,2001,5807.35467,69.2,4189770,1.47
mda,Moldova,2002,6301.55086,69.2,4142930,1.45
mda,Moldova,2003,6766.93984,69.1,4095419,1.48
mda,Moldova,2004,7320.24172,69.2,4046669,1.54
mda,Moldova,2005,7928.45439,69.2,3988669,1.53
mda,Moldova,2006,8376.23856,69.4,3921316,1.54
mda,Moldova,2007,8695.70584,69.6,3851396,1.58
mda,Moldova,2008,9446.53942,70,3779504,1.64
mda,Moldova,2009,8944.8927,70.2,3706210,1.72
mda,Moldova,2010,9649.95099,70.5,3631992,1.7
mda,Moldova,2011,10217.30878,71.3,3557266,1.65
mda,Moldova,2012,10158.38547,71.8,3482626,1.66
mda,Moldova,2013,11080.06346,72.2,3408738,1.62
mda,Moldova,2014,11641.12084,72.3,3342709,1.82
mda,Moldova,2015,11691.07975,72.4,3287164,1.87
mda,Moldova,2016,12377.36668,72.9,3237794,1.89
mda,Moldova,2017,13118.82194,73.5,3193497,1.81
mda,Moldova,2018,13895.50437,74,3153773,1.81
mda,Moldova,2019,14621.24014,74.7,3112562,1.78
mdg,Madagascar,1990,1882.9049,51.8,12055639,6.14
mdg,Madagascar,1991,1721.43084,51.9,12421412,6.12
mdg,Madagascar,1992,1698.58619,52.1,12800870,6.08
mdg,Madagascar,1993,1689.67217,52.5,13197345,6.06
mdg,Madagascar,1994,1644.73086,53,13613850,6.04
mdg,Madagascar,1995,1627.41075,53.7,14051275,6.04
mdg,Madagascar,1996,1616.12006,54.4,14510711,6.03
mdg,Madagascar,1997,1628.24251,55.1,14990814,6.02
mdg,Madagascar,1998,1642.9086,55.9,15489364,5.99
mdg,Madagascar,1999,1670.24698,56.4,16000506,5.84
mdg,Madagascar,2000,1694.67393,57.1,16516338,5.67
mdg,Madagascar,2001,1745.16802,57.7,17032939,5.53
mdg,Madagascar,2002,1486.11958,58.1,17549913,5.41
mdg,Madagascar,2003,1586.25455,58.7,18071854,5.33
mdg,Madagascar,2004,1623.16057,59.2,18606608,5.26
mdg,Madagascar,2005,1652.10454,59.7,19159707,5.2
mdg,Madagascar,2006,1691.25894,60,19730909,5.13
mdg,Madagascar,2007,1736.46208,60.3,20318583,5.08
mdg,Madagascar,2008,1798.6291,60.4,20923840,5.04
mdg,Madagascar,2009,1675.25797,60.5,21547280,5
mdg,Madagascar,2010,1635.24511,60.7,22183340,4.9
mdg,Madagascar,2011,1614.55138,60.8,22822300,4.74
mdg,Madagascar,2012,1617.79083,60.9,23462438,4.61
mdg,Madagascar,2013,1610.60231,61.1,24109290,4.53
mdg,Madagascar,2014,1620.35789,61.3,24764348,4.42
mdg,Madagascar,2015,1627.58061,61.4,25426702,4.34
mdg,Madagascar,2016,1648.91227,61.6,26099952,4.29
mdg,Madagascar,2017,1669.72764,61.8,26788375,4.26
mdg,Madagascar,2018,1678.78623,62,27494926,4.25
mdg,Madagascar,2019,1707.83154,62.3,28219554,4.22
mdv,Maldives,1990,8823.64682,65,224762,6.13
mdv,Maldives,1991,8831.00242,65.4,231802,5.8
mdv,Maldives,1992,9145.30985,66,238543,5.44
mdv,Maldives,1993,9415.02871,66.6,244884,5.06
mdv,Maldives,1994,9878.00434,67.4,250822,4.69
mdv,Maldives,1995,10783.17689,68,256649,4.29
mdv,Maldives,1996,11391.02351,68.5,262347,3.86
mdv,Maldives,1997,12113.61825,69.1,267707,3.48
mdv,Maldives,1998,12792.66349,69.9,272723,3.17
mdv,Maldives,1999,13357.52998,70.5,277412,2.9
mdv,Maldives,2000,13643.94781,71.1,282019,2.69
mdv,Maldives,2001,12884.92356,71.5,286767,2.53
mdv,Maldives,2002,13586.38972,72,291616,2.43
mdv,Maldives,2003,15196.64198,72.5,296491,2.34
mdv,Maldives,2004,15837.69504,71.5,301413,2.26
mdv,Maldives,2005,13823.02455,73.2,306429,2.2
mdv,Maldives,2006,16732.71966,73.5,313851,2.2
mdv,Maldives,2007,17375.84649,73.8,324479,2.29
mdv,Maldives,2008,18307.67501,74.2,336170,2.37
mdv,Maldives,2009,16218.08905,74.4,348275,2.39
mdv,Maldives,2010,16730.01442,74.7,360792,2.35
mdv,Maldives,2011,17581.76767,74.9,373674,2.31
mdv,Maldives,2012,17390.14752,75.1,386818,2.25
mdv,Maldives,2013,17986.89076,75.3,400070,2.17
mdv,Maldives,2014,18765.35922,75.5,413617,2.09
mdv,Maldives,2015,18829.44816,75.7,428154,2
mdv,Maldives,2016,19345.17923,75.8,443308,1.9
mdv,Maldives,2017,20036.71655,75.9,458287,1.8
mdv,Maldives,2018,21072.58054,76,473099,1.71
mdv,Maldives,2019,21855.50123,76.1,487731,1.64
mex,Mexico,1990,15841.15468,71.1,82820170,3.44
mex,Mexico,1991,16273.74164,71.6,84430572,3.36
mex,Mexico,1992,16640.00505,71.9,86044809,3.29
mex,Mexico,1993,16863.94888,72.1,87653807,3.21
mex,Mexico,1994,17391.17589,72.4,89259205,3.13
mex,Mexico,1995,16144.99144,72.5,90862455,3.04
mex,Mexico,1996,16915.30402,72.7,92452702,2.96
mex,Mexico,1997,17918.65866,73,94021207,2.89
mex,Mexico,1998,18779.0132,73.4,95575245,2.82
mex,Mexico,1999,19120.57055,73.8,97115707,2.76
mex,Mexico,2000,19908.14321,74.5,98625552,2.71
mex,Mexico,2001,19620.26506,74.8,100099099,2.67
mex,Mexico,2002,19395.26617,74.9,101548624,2.63
mex,Mexico,2003,19422.80593,75,102978515,2.58
mex,Mexico,2004,19911.1135,75.2,104394131,2.54
mex,Mexico,2005,20124.2296,75.3,105811504,2.5
mex,Mexico,2006,20853.26453,75.5,107253666,2.46
mex,Mexico,2007,21036.09314,75.6,108774360,2.42
mex,Mexico,2008,20956.7633,75.5,110374288,2.39
mex,Mexico,2009,19376.05357,75.7,111999721,2.36
mex,Mexico,2010,20058.38548,75.4,113623895,2.34
mex,Mexico,2011,20457.60017,75.7,115243504,2.32
mex,Mexico,2012,20898.93572,76,116818208,2.29
mex,Mexico,2013,20805.34804,76.1,118343573,2.27
mex,Mexico,2014,21069.76616,76.2,119784261,2.21
mex,Mexico,2015,21408.92832,76.2,121072306,2.14
mex,Mexico,2016,21578.26336,76,122251351,2.09
mex,Mexico,2017,21777.52251,75.9,123400057,2.04
mex,Mexico,2018,21997.77301,75.9,124573711,2.03
mex,Mexico,2019,21704.18595,76,125762982,2.02
mhl,Marshall Islands,1990,3900.02392,61.6,44629,5.97
mhl,Marshall Islands,1991,3820.17466,61.7,45568,5.76
mhl,Marshall Islands,1992,4021.68972,61.8,46388,5.55
mhl,Marshall Islands,1993,4203.32995,61.9,47093,5.38
mhl,Marshall Islands,1994,4398.29848,62.1,47712,5.23
mhl,Marshall Islands,1995,4711.424,62.2,48266,5.09
mhl,Marshall Islands,1996,4189.098,62.3,48775,5.02
mhl,Marshall Islands,1997,3887.95484,62.3,49259,4.96
mhl,Marshall Islands,1998,3817.27494,62.3,49717,4.87
mhl,Marshall Islands,1999,3727.63344,62.4,50202,4.78
mhl,Marshall Islands,2000,3800.07744,62,50706,4.7
mhl,Marshall Islands,2001,4017.18911,62.5,51123,4.58
mhl,Marshall Islands,2002,4126.32541,62.6,51425,4.49
mhl,Marshall Islands,2003,4044.94902,62.6,51639,4.42
mhl,Marshall Islands,2004,4012.28804,62.7,51791,4.34
mhl,Marshall Islands,2005,4074.82182,62.8,51906,4.28
mhl,Marshall Islands,2006,4076.50248,62.8,51992,4.2
mhl,Marshall Islands,2007,4222.31016,62.9,52035,4.09
mhl,Marshall Islands,2008,3909.90973,62.9,52030,3.97
mhl,Marshall Islands,2009,4047.51962,63,52019,3.83
mhl,Marshall Islands,2010,4269.35843,63.1,52044,3.67
mhl,Marshall Islands,2011,4259.11602,63.1,51907,3.53
mhl,Marshall Islands,2012,4244.04434,63.2,51419,3.38
mhl,Marshall Islands,2013,4469.85358,63.3,50681,3.25
mhl,Marshall Islands,2014,4491.99194,63.4,49796,3.18
mhl,Marshall Islands,2015,4670.10918,63.5,48800,3.13
mhl,Marshall Islands,2016,4896.52196,63.6,47709,3.09
mhl,Marshall Islands,2017,5199.34448,63.7,46529,3.06
mhl,Marshall Islands,2018,5635.3075,63.9,45285,3.04
mhl,Marshall Islands,2019,6405.07565,64.1,44007,3.01
mkd,North Macedonia,1990,12713.52078,71.1,2063689,2.27
mkd,North Macedonia,1991,11973.81093,71.3,2055994,2.31
mkd,North Macedonia,1992,11271.25181,71.5,2032523,2.28
mkd,North Macedonia,1993,10514.48801,71.3,2006854,2.26
mkd,North Macedonia,1994,10388.95468,71.7,1992666,2.23
mkd,North Macedonia,1995,10254.374460000001,71.8,1998534,2.13
mkd,North Macedonia,1996,10326.39768,71.9,2012553,2.06
mkd,North Macedonia,1997,10553.29839,72.1,2025755,1.92
mkd,North Macedonia,1998,10877.77861,72.4,2037568,1.89
mkd,North Macedonia,1999,11322.168,72.5,2048087,1.77
mkd,North Macedonia,2000,11809.58873,72.7,2057253,1.86
mkd,North Macedonia,2001,11422.40041,72.8,2066301,1.73
mkd,North Macedonia,2002,11686.62394,73.2,2074484,1.79
mkd,North Macedonia,2003,11953.65794,73.5,2081411,1.75
mkd,North Macedonia,2004,12570.3932,73.8,2086581,1.52
mkd,North Macedonia,2005,13252.08051,73.9,2089807,1.47
mkd,North Macedonia,2006,14028.64075,74.1,2089233,1.51
mkd,North Macedonia,2007,15043.63907,74.2,2081972,1.53
mkd,North Macedonia,2008,15983.2583,74.5,2070834,1.57
mkd,North Macedonia,2009,16055.28825,74.7,2060599,1.64
mkd,North Macedonia,2010,16730.16875,74.9,2051505,1.71
mkd,North Macedonia,2011,17200.28883,75.1,2040446,1.63
mkd,North Macedonia,2012,17189.04892,75.3,2027289,1.71
mkd,North Macedonia,2013,17757.24956,75.5,2013280,1.71
mkd,North Macedonia,2014,18451.19,75.6,1997833,1.77
mkd,North Macedonia,2015,19214.0158,75.7,1980366,1.76
mkd,North Macedonia,2016,19824.6806,75.9,1961259,1.79
mkd,North Macedonia,2017,20119.94289,76.1,1940879,1.73
mkd,North Macedonia,2018,20804.77627,76.2,1919728,1.73
mkd,North Macedonia,2019,21765.68543,76.1,1897641,1.65
mli,Mali,1990,1608.62074,48.2,9178830,7.31
mli,Mali,1991,1717.95379,48.9,9362888,7.28
mli,Mali,1992,1627.9844,49.3,9553540,7.24
mli,Mali,1993,1643.65044,49.7,9754786,7.18
mli,Mali,1994,1665.59941,50,9967031,7.12
mli,Mali,1995,1648.98994,50.4,10185365,7.05
mli,Mali,1996,1724.82228,50.6,10407278,7.01
mli,Mali,1997,1772.25675,50.1,10646495,6.97
mli,Mali,1998,1849.6078,50.1,10919573,6.94
mli,Mali,1999,1905.1402,52.4,11227415,6.91
mli,Mali,2000,1854.02231,53.1,11559290,6.89
mli,Mali,2001,2085.90553,54.2,11912158,6.85
mli,Mali,2002,2093.25341,55.1,12288050,6.82
mli,Mali,2003,2217.92891,56.2,12684955,6.78
mli,Mali,2004,2186.81189,57.4,13102409,6.74
mli,Mali,2005,2280.77116,58.2,13538647,6.71
mli,Mali,2006,2358.76971,58.8,13990139,6.68
mli,Mali,2007,2378.00868,59.5,14457775,6.65
mli,Mali,2008,2458.1025,60,14940782,6.62
mli,Mali,2009,2498.01449,60.4,15435539,6.59
mli,Mali,2010,2594.41565,60.8,15945198,6.58
mli,Mali,2011,2612.84826,61.1,16469049,6.55
mli,Mali,2012,2523.17698,61.5,16957033,6.52
mli,Mali,2013,2508.92142,61.5,17459615,6.49
mli,Mali,2014,2615.67031,61.8,18020267,6.44
mli,Mali,2015,2686.55974,61.7,18593022,6.39
mli,Mali,2016,2759.10958,62.1,19191289,6.32
mli,Mali,2017,2816.19329,62.1,19813011,6.25
mli,Mali,2018,2862.40632,62.3,20442030,6.12
mli,Mali,2019,2916.17069,62.6,21068405,5.89
mlt,Malta,1990,18050.97561,76.3,367908,2.04
mlt,Malta,1991,18722.11764,76.4,371332,2
mlt,Malta,1992,19406.20066,76.7,374795,2.06
mlt,Malta,1993,20081.09299,77.2,378217,1.96
mlt,Malta,1994,21025.58432,77.6,381454,1.84
mlt,Malta,1995,22211.29199,77.7,384550,1.79
mlt,Malta,1996,22906.59353,77.8,387624,1.97
mlt,Malta,1997,23936.36716,77.9,390679,1.94
mlt,Malta,1998,25007.61887,78,393774,1.84
mlt,Malta,1999,26040.33094,78,396889,1.73
mlt,Malta,2000,30472.6794,78.3,399895,1.67
mlt,Malta,2001,30125.32912,78.7,402784,1.49
mlt,Malta,2002,30781.2392,78.9,405565,1.46
mlt,Malta,2003,31725.70052,79.1,408226,1.48
mlt,Malta,2004,31699.24739,79.4,410798,1.4
mlt,Malta,2005,32482.84961,79.5,413320,1.38
mlt,Malta,2006,33165.59803,79.7,415454,1.36
mlt,Malta,2007,34758.54591,80,417197,1.36
mlt,Malta,2008,36111.44129,80.3,418969,1.42
mlt,Malta,2009,35403.97747,80.6,420795,1.41
mlt,Malta,2010,37492.67548,80.9,422651,1.38
mlt,Malta,2011,37704.496,81,424628,1.44
mlt,Malta,2012,38899.98733,81.2,426611,1.42
mlt,Malta,2013,40882.02394,81.6,428452,1.37
mlt,Malta,2014,43121.60831,81.8,434485,1.38
mlt,Malta,2015,46127.62084,82,444981,1.38
mlt,Malta,2016,46922.18901,82.3,455269,1.37
mlt,Malta,2017,51578.98126,82.4,467902,1.27
mlt,Malta,2018,53367.94767,82.5,484558,1.23
mlt,Malta,2019,53342.21379,82.6,504015,1.15
mmr,Myanmar,1990,965.91875,54.8,39817251,3.5
mmr,Myanmar,1991,930.99294,55,40394154,3.43
mmr,Myanmar,1992,992.47317,55.4,40950342,3.35
mmr,Myanmar,1993,1023.54507,55.9,41502429,3.28
mmr,Myanmar,1994,1069.54265,56.4,42055143,3.2
mmr,Myanmar,1995,1113.44753,56.8,42605338,3.13
mmr,Myanmar,1996,1154.47794,57.3,43154860,3.06
mmr,Myanmar,1997,1189.08128,57.7,43708798,2.99
mmr,Myanmar,1998,1228.08594,58,44257793,2.91
mmr,Myanmar,1999,1330.87257,58.4,44787724,2.85
mmr,Myanmar,2000,1480.20467,58.8,45290841,2.81
mmr,Myanmar,2001,1613.49953,59.3,45771139,2.79
mmr,Myanmar,2002,1771.33976,59.7,46232653,2.77
mmr,Myanmar,2003,1978.38482,60.1,46667192,2.68
mmr,Myanmar,2004,2206.92628,60.5,47068772,2.59
mmr,Myanmar,2005,2465.03768,61,47438365,2.52
mmr,Myanmar,2006,2744.36713,61.5,47785135,2.47
mmr,Myanmar,2007,3028.21296,62,48125043,2.45
mmr,Myanmar,2008,3290.85083,56.2,48390793,2.4
mmr,Myanmar,2009,3594.33403,63,48660459,2.37
mmr,Myanmar,2010,3893.79031,63.4,49024382,2.34
mmr,Myanmar,2011,4078.61221,63.8,49419820,2.31
mmr,Myanmar,2012,4340.99945,64.2,49837446,2.28
mmr,Myanmar,2013,4666.95376,64.5,50262658,2.26
mmr,Myanmar,2014,5006.50667,64.8,50681634,2.25
mmr,Myanmar,2015,5313.88616,65.1,51089056,2.27
mmr,Myanmar,2016,5580.98977,65.3,51495696,2.27
mmr,Myanmar,2017,5877.87466,65.3,51894938,2.25
mmr,Myanmar,2018,6201.26341,65.8,52272247,2.23
mmr,Myanmar,2019,6562.98898,65.9,52640713,2.21
mne,Montenegro,1990,16673.21876,73.1,620497,1.95
mne,Montenegro,1991,15170.21917,73.2,623559,2.02
mne,Montenegro,1992,11704.00615,73.3,626019,2.01
mne,Montenegro,1993,7542.21817,73.2,628099,1.96
mne,Montenegro,1994,7763.18332,73.1,629878,1.94
mne,Montenegro,1995,9006.08142,73,631381,1.96
mne,Montenegro,1996,11689.30764,73,632620,1.92
mne,Montenegro,1997,12695.10831,73,633533,1.89
mne,Montenegro,1998,13559.98032,73,634091,1.89
mne,Montenegro,1999,12497.8298,73.2,634283,1.88
mne,Montenegro,2000,13282.74747,73.3,634193,1.9
mne,Montenegro,2001,13581.45852,73.3,633991,1.86
mne,Montenegro,2002,13976.90186,73.4,633766,1.81
mne,Montenegro,2003,14443.43883,73.5,633559,1.8
mne,Montenegro,2004,15216.20192,73.6,633754,1.73
mne,Montenegro,2005,15972.78646,73.9,634050,1.7
mne,Montenegro,2006,17449.70872,74.2,633871,1.74
mne,Montenegro,2007,18751.30328,74.5,633379,1.8
mne,Montenegro,2008,20145.93819,74.7,632845,1.9
mne,Montenegro,2009,18982.64833,74.9,632438,1.96
mne,Montenegro,2010,19481.40719,75.1,632088,1.73
mne,Montenegro,2011,20080.62756,75.3,632688,1.68
mne,Montenegro,2012,19499.94456,75.5,633540,1.73
mne,Montenegro,2013,20154.0802,75.7,633202,1.74
mne,Montenegro,2014,20475.51705,75.9,631375,1.76
mne,Montenegro,2015,21138.97652,76,628145,1.76
mne,Montenegro,2016,21737.99444,76.3,624249,1.8
mne,Montenegro,2017,22740.38639,76.5,620114,1.79
mne,Montenegro,2018,23877.72407,76.7,615795,1.78
mne,Montenegro,2019,24835.37457,76.9,611667,1.81
mng,Mongolia,1990,5205.57521,61.4,2164573,4.21
mng,Mongolia,1991,4727.38364,61.1,2202768,3.86
mng,Mongolia,1992,4364.97175,61,2239123,3.43
mng,Mongolia,1993,4313.96979,61.3,2273512,3.02
mng,Mongolia,1994,4451.42353,61.7,2305744,2.82
mng,Mongolia,1995,4754.97625,61.8,2335715,2.74
mng,Mongolia,1996,4879.08414,61.8,2363465,2.62
mng,Mongolia,1997,5086.85049,62.2,2389128,2.48
mng,Mongolia,1998,5269.83372,62.8,2412784,2.36
mng,Mongolia,1999,5436.94166,63.4,2434040,2.3
mng,Mongolia,2000,5499.26802,63.9,2455182,2.26
mng,Mongolia,2001,5659.42226,64.2,2477700,2.19
mng,Mongolia,2002,5913.39851,64.6,2500075,2.1
mng,Mongolia,2003,6305.11321,65,2521805,2.02
mng,Mongolia,2004,6950.37134,65.3,2542793,1.98
mng,Mongolia,2005,7418.6352,65.7,2563461,1.99
mng,Mongolia,2006,7996.2096,66.1,2584756,2.12
mng,Mongolia,2007,8729.25736,66.7,2607965,2.32
mng,Mongolia,2008,9378.25723,67,2634424,2.53
mng,Mongolia,2009,9101.86854,67,2665326,2.63
mng,Mongolia,2010,9507.11882,66.9,2701732,2.52
mng,Mongolia,2011,10960.09593,67.1,2745180,2.6
mng,Mongolia,2012,12078.91853,67.5,2795459,2.74
mng,Mongolia,2013,13210.09457,68.1,2851881,2.94
mng,Mongolia,2014,13943.42771,68.9,2913039,3
mng,Mongolia,2015,13974.59673,69.5,2976526,3.01
mng,Mongolia,2016,13898.1457,70.3,3040812,2.96
mng,Mongolia,2017,14401.53751,70.9,3104364,2.89
mng,Mongolia,2018,15230.24088,71.4,3167706,2.92
mng,Mongolia,2019,15790.69611,72.3,3232113,3.01
moz,Mozambique,1990,582.81382,52.3,13094537,6.32
moz,Mozambique,1991,592.47052,52.7,13352090,6.28
moz,Mozambique,1992,532.78768,53.1,13613316,6.22
moz,Mozambique,1993,562.33844,53.4,14051192,6.15
moz,Mozambique,1994,554.76653,53.7,15033853,6.08
moz,Mozambique,1995,530.06295,53.8,15960530,6.02
moz,Mozambique,1996,574.76896,54,16492480,5.97
moz,Mozambique,1997,623.44344,54,16949982,5.93
moz,Mozambique,1998,672.76033,54,17340464,5.91
moz,Mozambique,1999,730.07918,54,17734506,5.88
moz,Mozambique,2000,719.34845,54,18129653,5.83
moz,Mozambique,2001,792.39659,54.3,18537729,5.76
moz,Mozambique,2002,847.42533,54.4,18958338,5.67
moz,Mozambique,2003,886.47313,54.6,19392475,5.6
moz,Mozambique,2004,936.22742,54.9,19840313,5.55
moz,Mozambique,2005,973.32303,55.5,20304569,5.5
moz,Mozambique,2006,1043.9713,56.5,20787087,5.45
moz,Mozambique,2007,1096.58921,57.6,21287635,5.47
moz,Mozambique,2008,1142.8423,58.6,21819036,5.6
moz,Mozambique,2009,1179.2234,59.4,22391745,5.68
moz,Mozambique,2010,1224.23021,60,22999235,5.66
moz,Mozambique,2011,1275.5296,60.1,23649039,5.6
moz,Mozambique,2012,1338.51595,59.8,24337846,5.52
moz,Mozambique,2013,1385.83255,60.1,25051611,5.43
moz,Mozambique,2014,1449.92927,61.2,25788475,5.3
moz,Mozambique,2015,1512.59975,62.1,26547572,5.25
moz,Mozambique,2016,1537.90853,62.7,27337105,5.19
moz,Mozambique,2017,1532.00736,63,28166393,5.13
moz,Mozambique,2018,1538.83512,63.2,29018644,5.07
moz,Mozambique,2019,1528.88988,63.1,29884380,5.02
mrt,Mauritania,1990,4140.43936,60.6,1951878,6.18
mrt,Mauritania,1991,4192.81643,61,2009738,6.16
mrt,Mauritania,1992,4197.92448,61.3,2088135,6.13
mrt,Mauritania,1993,4380.03149,61.4,2174328,6.09
mrt,Mauritania,1994,4255.5302600000005,62.1,2249454,6.06
mrt,Mauritania,1995,4507.08771,62.6,2312017,5.96
mrt,Mauritania,1996,4800.56872,62.8,2358188,5.86
mrt,Mauritania,1997,4577.87414,63.1,2411306,5.74
mrt,Mauritania,1998,4653.4727,63,2474651,5.62
mrt,Mauritania,1999,4786.73173,63.6,2541698,5.52
mrt,Mauritania,2000,4556.78573,63.7,2613441,5.46
mrt,Mauritania,2001,4479.34501,63.8,2678760,5.41
mrt,Mauritania,2002,4486.13711,64,2738655,5.37
mrt,Mauritania,2003,4733.72513,64.3,2802046,5.36
mrt,Mauritania,2004,4896.03471,64.4,2868664,5.37
mrt,Mauritania,2005,5238.92547,64.6,2939059,5.38
mrt,Mauritania,2006,6101.8421,64.8,3013660,5.4
mrt,Mauritania,2007,5888.90125,65.3,3093059,5.43
mrt,Mauritania,2008,5746.05454,65.7,3183269,5.44
mrt,Mauritania,2009,5608.36041,65.7,3284448,5.41
mrt,Mauritania,2010,5605.76389,66,3390965,5.38
mrt,Mauritania,2011,5653.2172,66.3,3502811,5.38
mrt,Mauritania,2012,5716.25196,66.4,3619034,5.35
mrt,Mauritania,2013,5769.72871,66.6,3734318,5.32
mrt,Mauritania,2014,5837.85204,67.2,3848514,5.26
mrt,Mauritania,2015,5969.5424,67.4,3965959,5.21
mrt,Mauritania,2016,5866.28145,67.9,4086657,5.16
mrt,Mauritania,2017,6050.62181,67.8,4210600,5.11
mrt,Mauritania,2018,6153.63791,68.1,4337685,5.04
mrt,Mauritania,2019,6162.21045,68,4467708,4.98
mus,Mauritius,1990,10441.21825,69.8,1089024,2.3
mus,Mauritius,1991,10648.63829,70.1,1103041,2.29
mus,Mauritius,1992,11055.34903,70.4,1117670,2.36
mus,Mauritius,1993,11346.14877,70.4,1132393,2.31
mus,Mauritius,1994,11533.95024,70.8,1146548,2.24
mus,Mauritius,1995,11799.63417,70.9,1159821,2.14
mus,Mauritius,1996,12198.24257,70.9,1172383,2.12
mus,Mauritius,1997,12618.1192,71.1,1184299,2.03
mus,Mauritius,1998,13126.66215,71.5,1195105,1.91
mus,Mauritius,1999,13192.41076,71.8,1205891,2.03
mus,Mauritius,2000,14021.36627,72,1216629,1.98
mus,Mauritius,2001,14267.12388,72.2,1225801,1.9
mus,Mauritius,2002,14295.52068,72.4,1234085,1.92
mus,Mauritius,2003,14934.18232,72.6,1242099,1.87
mus,Mauritius,2004,15390.75057,72.8,1249800,1.87
mus,Mauritius,2005,15487.53309,72.8,1257215,1.82
mus,Mauritius,2006,16086.48209,73,1263781,1.71
mus,Mauritius,2007,16859.11109,73.3,1269518,1.67
mus,Mauritius,2008,17638.14144,73.5,1274635,1.6
mus,Mauritius,2009,18117.4412,73.8,1278972,1.53
mus,Mauritius,2010,18819.99841,74,1282709,1.5
mus,Mauritius,2011,19556.04878,74.2,1286267,1.48
mus,Mauritius,2012,20183.70007,74.4,1289170,1.48
mus,Mauritius,2013,20811.49499,74.6,1290984,1.42
mus,Mauritius,2014,21568.86485,74.8,1292005,1.37
mus,Mauritius,2015,22335.28362,74.8,1292275,1.32
mus,Mauritius,2016,23182.04341,74.8,1291803,1.35
mus,Mauritius,2017,24073.23256,74.8,1290655,1.4
mus,Mauritius,2018,25024.13379,74.8,1288833,1.37
mus,Mauritius,2019,25739.3549,74.9,1286270,1.35
mwi,Malawi,1990,1075.74189,45.6,9545852,6.74
mwi,Malawi,1991,1130.04774,45.6,9844227,6.68
mwi,Malawi,1992,1013.61416,45.7,10135079,6.63
mwi,Malawi,1993,1093.92833,45.6,10284024,6.57
mwi,Malawi,1994,993.97596,45.4,10164894,6.49
mwi,Malawi,1995,1155.50842,44.8,10150117,6.39
mwi,Malawi,1996,1219.51113,44.5,10352228,6.29
mwi,Malawi,1997,1242.9446,44.5,10562035,6.23
mwi,Malawi,1998,1254.1082,44.5,10792876,6.21
mwi,Malawi,1999,1260.87187,44.7,11047804,6.12
mwi,Malawi,2000,1246.68825,44.9,11315942,6
mwi,Malawi,2001,1156.01263,45.3,11593058,5.94
mwi,Malawi,2002,1145.60656,45.7,11880440,5.9
mwi,Malawi,2003,1179.46015,46.6,12181574,5.88
mwi,Malawi,2004,1210.29196,47.5,12500737,5.86
mwi,Malawi,2005,1215.72811,49.2,12840031,5.85
mwi,Malawi,2006,1237.46547,51.4,13198701,5.8
mwi,Malawi,2007,1318.03456,53.6,13576343,5.72
mwi,Malawi,2008,1377.884,55.4,13976417,5.61
mwi,Malawi,2009,1449.27141,56.7,14395788,5.45
mwi,Malawi,2010,1504.37514,57.3,14826463,5.26
mwi,Malawi,2011,1533.2289,58.2,15265022,5.08
mwi,Malawi,2012,1518.14804,59.1,15709577,4.9
mwi,Malawi,2013,1555.50607,59.9,16161816,4.76
mwi,Malawi,2014,1597.56484,60.5,16621538,4.57
mwi,Malawi,2015,1597.69145,60.7,17085587,4.38
mwi,Malawi,2016,1593.59549,61,17557739,4.22
mwi,Malawi,2017,1613.05936,61.3,18039715,4.11
mwi,Malawi,2018,1638.91666,61.5,18528081,4.02
mwi,Malawi,2019,1687.28945,61.8,19025752,3.95
mys,Malaysia,1990,11691.29277,71.4,17833171,3.3
mys,Malaysia,1991,12495.76091,71.6,18342464,3.34
mys,Malaysia,1992,13293.57097,71.9,18834572,3.37
mys,Malaysia,1993,14283.56269,72,19322664,3.36
mys,Malaysia,1994,15248.72556,72.1,19820446,3.35
mys,Malaysia,1995,16369.07855,72.1,20330599,3.32
mys,Malaysia,1996,17597.75535,72.3,20850087,3.3
mys,Malaysia,1997,18456.55072,72.5,21375218,3.23
mys,Malaysia,1998,16709.54592,72.5,21906713,3.12
mys,Malaysia,1999,17340.61007,72.4,22435531,3.07
mys,Malaysia,2000,18455.11576,72.7,22967816,2.94
mys,Malaysia,2001,18132.46258,73.1,23526538,2.81
mys,Malaysia,2002,18678.23787,73.4,24102477,2.66
mys,Malaysia,2003,19314.02394,73.5,24679602,2.6
mys,Malaysia,2004,20166.7395,73.8,25256772,2.49
mys,Malaysia,2005,20777.09389,74.2,25836071,2.39
mys,Malaysia,2006,21466.88772,74.5,26417909,2.31
mys,Malaysia,2007,22333.7585,74.7,26998389,2.25
mys,Malaysia,2008,22924.91822,74.8,27570059,2.26
mys,Malaysia,2009,22122.93767,74.8,28124778,2.22
mys,Malaysia,2010,23307.96985,74.9,28655776,2.14
mys,Malaysia,2011,24115.81812,75,29162039,2.15
mys,Malaysia,2012,25006.35878,75.2,29662831,2.12
mys,Malaysia,2013,25736.35256,75.2,30174265,2.07
mys,Malaysia,2014,26818.43173,75.2,30696137,2.06
mys,Malaysia,2015,27699.62789,75.2,31232798,2.01
mys,Malaysia,2016,28425.37076,75.1,31789685,1.94
mys,Malaysia,2017,29551.54576,75.2,32355644,1.89
mys,Malaysia,2018,30459.96553,75.4,32910967,1.84
mys,Malaysia,2019,31300.50866,75.9,33440596,1.78
nam,Namibia,1990,7106.51469,60.1,1369303,5.4
nam,Namibia,1991,7444.25558,60.1,1415684,5.29
nam,Namibia,1992,7773.36625,60,1461322,5.11
nam,Namibia,1993,7424.18899,59.9,1508697,4.91
nam,Namibia,1994,7429.94553,59.4,1556304,4.68
nam,Namibia,1995,7511.34524,59.3,1602170,4.42
nam,Namibia,1996,7550.04541,58.7,1646103,4.2
nam,Namibia,1997,7672.08911,57.9,1689264,4.17
nam,Namibia,1998,7729.62505,57,1732745,4.18
nam,Namibia,1999,7795.76623,56,1776368,4.14
nam,Namibia,2000,7874.98348,55,1818647,3.99
nam,Namibia,2001,7796.34528,54.1,1857048,3.83
nam,Namibia,2002,8027.2393,53.4,1889970,3.69
nam,Namibia,2003,8225.77575,52.9,1917464,3.58
nam,Namibia,2004,9116.47953,53.7,1942082,3.55
nam,Namibia,2005,9234.0936,55.7,1966582,3.57
nam,Namibia,2006,9764.89304,58.1,1991888,3.6
nam,Namibia,2007,10156.50296,60.1,2018600,3.61
nam,Namibia,2008,10283.26448,61.3,2047056,3.62
nam,Namibia,2009,10165.05149,61.8,2077394,3.63
nam,Namibia,2010,10614.62016,62.2,2109811,3.66
nam,Namibia,2011,10965.27298,62.5,2146325,3.66
nam,Namibia,2012,11266.60895,63.1,2194654,3.68
nam,Namibia,2013,11593.57538,63.4,2252508,3.65
nam,Namibia,2014,11982.69636,63.7,2312139,3.64
nam,Namibia,2015,12166.56584,63.8,2374300,3.6
nam,Namibia,2016,11846.78808,64,2439213,3.57
nam,Namibia,2017,11408.72531,64.4,2506853,3.51
nam,Namibia,2018,11214.38604,64.9,2577327,3.46
nam,Namibia,2019,10813.30447,65.3,2650494,3.4
ner,Niger,1990,1336.25617,42.5,8286059,7.81
ner,Niger,1991,1303.37703,42.5,8546900,7.8
ner,Niger,1992,1263.14087,43.4,8817633,7.8
ner,Niger,1993,1235.6913,43.8,9100789,7.79
ner,Niger,1994,1228.6173,44.4,9398258,7.79
ner,Niger,1995,1197.61746,44.5,9714529,7.78
ner,Niger,1996,1175.80142,45.6,10044852,7.78
ner,Niger,1997,1156.896,46.3,10383969,7.8
ner,Niger,1998,1239.94734,47,10741413,7.84
ner,Niger,1999,1202.00557,47.7,11117411,7.84
ner,Niger,2000,1148.48705,48.2,11509630,7.83
ner,Niger,2001,1194.89312,49.1,11920647,7.81
ner,Niger,2002,1214.9214,49.7,12349144,7.8
ner,Niger,2003,1207.39718,50.5,12796984,7.79
ner,Niger,2004,1171.01571,51.4,13265836,7.78
ner,Niger,2005,1216.43613,52.3,13756192,7.77
ner,Niger,2006,1245.65818,53,14268581,7.74
ner,Niger,2007,1241.91548,53.8,14803610,7.73
ner,Niger,2008,1293.68022,54.4,15361915,7.7
ner,Niger,2009,1273.85258,55.1,15943675,7.68
ner,Niger,2010,1336.5641,55.6,16548835,7.64
ner,Niger,2011,1318.10131,56,17176283,7.59
ner,Niger,2012,1403.18971,56.4,17836769,7.53
ner,Niger,2013,1423.26169,56.7,18519898,7.45
ner,Niger,2014,1462.82123,57.1,19215909,7.34
ner,Niger,2015,1471.66135,56.9,19939498,7.22
ner,Niger,2016,1500.00859,57.3,20685753,7.04
ner,Niger,2017,1520.00154,57.6,21435446,6.87
ner,Niger,2018,1574.33838,57.9,22188069,6.71
ner,Niger,2019,1612.63735,58,22947757,6.54
nga,Nigeria,1990,3225.87858,51.4,97120925,6.46
nga,Nigeria,1991,3185.47925,51,99720162,6.43
nga,Nigeria,1992,3266.66491,51.7,102372770,6.39
nga,Nigeria,1993,3181.41615,51.8,105122069,6.35
nga,Nigeria,1994,3090.00444,52,107935714,6.32
nga,Nigeria,1995,3049.41546,52.2,110819428,6.27
nga,Nigeria,1996,3121.99204,52,113754779,6.22
nga,Nigeria,1997,3156.20944,52.5,116754792,6.14
nga,Nigeria,1998,3177.71792,52.6,119846254,6.07
nga,Nigeria,1999,3134.04569,52.8,123047320,6.08
nga,Nigeria,2000,3226.14641,52.9,126382494,6.12
nga,Nigeria,2001,3345.83079,53.3,129862595,6.13
nga,Nigeria,2002,3767.95512,53.8,133471989,6.12
nga,Nigeria,2003,3957.28466,54.6,137202644,6.1
nga,Nigeria,2004,4220.82992,55.3,141057045,6.09
nga,Nigeria,2005,4379.91111,56.1,145017253,6.06
nga,Nigeria,2006,4525.52325,56.8,149077334,6.05
nga,Nigeria,2007,4694.80547,57.7,153267261,6.03
nga,Nigeria,2008,4872.93098,58.4,157595014,6.02
nga,Nigeria,2009,5113.47496,58.9,162049464,5.99
nga,Nigeria,2010,5359.51848,59.3,166642886,5.95
nga,Nigeria,2011,5488.00482,59.9,171379598,5.89
nga,Nigeria,2012,5563.64168,60.3,176200625,5.8
nga,Nigeria,2013,5775.86635,60.6,181049443,5.69
nga,Nigeria,2014,5980.19182,61,185896915,5.62
nga,Nigeria,2015,5985.09435,61.2,190671878,5.5
nga,Nigeria,2016,5744.55788,61.8,195443700,5.34
nga,Nigeria,2017,5651.73413,62.3,200254579,5.18
nga,Nigeria,2018,5628.74079,62.8,204938755,5.02
nga,Nigeria,2019,5628.17765,63.4,209485641,4.86
nic,Nicaragua,1990,3847.98763,71,4162559,4.6
nic,Nicaragua,1991,3759.13593,71.5,4259637,4.43
nic,Nicaragua,1992,3704.23524,71.8,4357026,4.27
nic,Nicaragua,1993,3629.90864,72,4453732,4.1
nic,Nicaragua,1994,3695.31013,72.5,4549316,3.94
nic,Nicaragua,1995,3863.21974,72.7,4642931,3.78
nic,Nicaragua,1996,4061.52062,73.1,4729974,3.62
nic,Nicaragua,1997,4181.25497,73.7,4809573,3.47
nic,Nicaragua,1998,4297.84996,70.9,4883655,3.34
nic,Nicaragua,1999,4562.03785,74.5,4954018,3.22
nic,Nicaragua,2000,4710.4306,74.8,5022633,3.12
nic,Nicaragua,2001,4812.59182,74.9,5087825,3
nic,Nicaragua,2002,4813.51285,74.8,5149909,2.89
nic,Nicaragua,2003,4898.9078,74.8,5210963,2.83
nic,Nicaragua,2004,5119.93712,74.8,5272912,2.78
nic,Nicaragua,2005,5290.82139,74.9,5342105,2.77
nic,Nicaragua,2006,5451.78121,75.1,5418855,2.73
nic,Nicaragua,2007,5664.51335,75,5497243,2.7
nic,Nicaragua,2008,5789.17233,75,5576593,2.66
nic,Nicaragua,2009,5530.86828,75,5656601,2.63
nic,Nicaragua,2010,5701.1279,75,5737450,2.6
nic,Nicaragua,2011,5976.25284,75,5819051,2.56
nic,Nicaragua,2012,6275.78769,74.9,5901287,2.53
nic,Nicaragua,2013,6494.14961,74.8,5983845,2.49
nic,Nicaragua,2014,6712.2175,74.8,6066492,2.46
nic,Nicaragua,2015,6939.03286,75,6149417,2.43
nic,Nicaragua,2016,7158.758,75,6232666,2.41
nic,Nicaragua,2017,7391.19684,75.3,6316231,2.38
nic,Nicaragua,2018,7049.02753,75,6400080,2.35
nic,Nicaragua,2019,6756.59376,74.7,6483657,2.32
nld,Netherlands,1990,41198.9813,76.9,15030878,1.61
nld,Netherlands,1991,42034.43255,77.1,15155090,1.61
nld,Netherlands,1992,42586.51213,77.2,15276785,1.59
nld,Netherlands,1993,42973.58321,77.1,15389720,1.57
nld,Netherlands,1994,44128.29525,77.4,15485449,1.57
nld,Netherlands,1995,45424.09257,77.5,15565032,1.53
nld,Netherlands,1996,46917.03019,77.5,15640027,1.53
nld,Netherlands,1997,48802.08149,77.8,15723622,1.56
nld,Netherlands,1998,50882.05071,77.9,15827107,1.63
nld,Netherlands,1999,53228.5099,77.9,15940184,1.66
nld,Netherlands,2000,55211.00112,78.1,16058760,1.72
nld,Netherlands,2001,56177.87032,78.3,16182705,1.71
nld,Netherlands,2002,56063.70601,78.4,16288051,1.73
nld,Netherlands,2003,55971.60417,78.6,16366912,1.74
nld,Netherlands,2004,57000.49232,79.1,16425566,1.72
nld,Netherlands,2005,58119.36479,79.4,16465710,1.71
nld,Netherlands,2006,60160.42039,79.8,16493852,1.72
nld,Netherlands,2007,62432.47586,80.1,16531357,1.71
nld,Netherlands,2008,63566.68986,80.3,16597258,1.76
nld,Netherlands,2009,60980.28095,80.5,16684150,1.78
nld,Netherlands,2010,61518.55401,80.7,16771235,1.79
nld,Netherlands,2011,62318.14162,80.9,16851057,1.75
nld,Netherlands,2012,61480.8126,81,16915194,1.72
nld,Netherlands,2013,61281.28881,81.2,16967063,1.68
nld,Netherlands,2014,62045.85638,81.5,17030089,1.7
nld,Netherlands,2015,63081.39414,81.4,17107433,1.66
nld,Netherlands,2016,64267.73636,81.5,17204693,1.66
nld,Netherlands,2017,65666.00366,81.7,17315370,1.62
nld,Netherlands,2018,66758.26401,81.7,17421280,1.59
nld,Netherlands,2019,67847.85429,82,17537507,1.57
nor,Norway,1990,51326.55588,76.6,4241440,1.93
nor,Norway,1991,53377.72691,77,4261623,1.92
nor,Norway,1992,55669.60022,77.2,4286261,1.89
nor,Norway,1993,57591.47119,77.3,4311862,1.87
nor,Norway,1994,60822.99932,77.6,4336467,1.87
nor,Norway,1995,63662.03669,77.8,4358993,1.87
nor,Norway,1996,67142.00851,78,4381135,1.89
nor,Norway,1997,70898.35414,78.2,4404986,1.86
nor,Norway,1998,72897.93906,78.3,4431313,1.82
nor,Norway,1999,74386.38911,78.4,4461787,1.85
nor,Norway,2000,76788.74651,78.7,4490867,1.85
nor,Norway,2001,78367.82866,78.8,4513657,1.79
nor,Norway,2002,79347.25467,79,4538014,1.76
nor,Norway,2003,79881.05934,79.5,4564669,1.8
nor,Norway,2004,82786.9453,79.9,4591743,1.83
nor,Norway,2005,84553.41831,80.2,4623124,1.84
nor,Norway,2006,85988.98405,80.3,4660494,1.9
nor,Norway,2007,87562.62169,80.4,4709010,1.9
nor,Norway,2008,86795.5118,80.6,4768101,1.95
nor,Norway,2009,83883.37384,80.8,4828623,1.97
nor,Norway,2010,83256.78807,81,4889162,1.94
nor,Norway,2011,83092.43422,81.1,4952968,1.88
nor,Norway,2012,84237.14957,81.4,5018458,1.85
nor,Norway,2013,84070.45839,81.6,5080124,1.78
nor,Norway,2014,84830.2558,82,5137395,1.75
nor,Norway,2015,85550.29426,82.2,5189771,1.73
nor,Norway,2016,85787.61744,82.4,5235983,1.71
nor,Norway,2017,87194.11154,82.6,5276802,1.62
nor,Norway,2018,87338.4708,82.7,5311752,1.57
nor,Norway,2019,87725.72833,83,5347730,1.53
npl,Nepal,1990,1793.20863,58.1,19524573,5.21
npl,Nepal,1991,1858.70408,58.5,20036500,5.15
npl,Nepal,1992,1881.16598,59.3,20609707,5.07
npl,Nepal,1993,1900.36545,60.1,21180159,5.04
npl,Nepal,1994,2004.84966,60.9,21717479,4.96
npl,Nepal,1995,2025.49153,61.6,22245439,4.87
npl,Nepal,1996,2087.95592,62.3,22741862,4.67
npl,Nepal,1997,2150.13721,63.1,23219463,4.44
npl,Nepal,1998,2172.48237,63.8,23680357,4.28
npl,Nepal,1999,2227.62481,64.5,24125199,4.13
npl,Nepal,2000,2326.07294,65.2,24546509,3.98
npl,Nepal,2001,2401.67725,65.9,24946748,3.79
npl,Nepal,2002,2368.99727,66.1,25328981,3.6
npl,Nepal,2003,2428.772,66.9,25688758,3.44
npl,Nepal,2004,2511.46651,67.4,26016656,3.28
npl,Nepal,2005,2570.84456,68.1,26309458,3.12
npl,Nepal,2006,2634.01895,68.7,26565425,2.97
npl,Nepal,2007,2702.77225,69.3,26788492,2.86
npl,Nepal,2008,2848.10016,69.8,26990037,2.74
npl,Nepal,2009,2959.22635,70.1,27173035,2.63
npl,Nepal,2010,3085.31407,70.6,27341952,2.54
npl,Nepal,2011,3176.65041,71,27464494,2.46
npl,Nepal,2012,3316.50074,71.3,27534915,2.42
npl,Nepal,2013,3426.55796,71.6,27589996,2.36
npl,Nepal,2014,3621.73169,71.9,27672370,2.32
npl,Nepal,2015,3745.26182,71.5,27823629,2.27
npl,Nepal,2016,3743.74458,72.5,27955462,2.23
npl,Nepal,2017,4071.70432,72.8,28011258,2.17
npl,Nepal,2018,4371.38572,73.1,28079689,2.12
npl,Nepal,2019,4607.52455,73.3,28414064,2.08
nru,Nauru,1990,31401.73198,58.1,9622,4.02
nru,Nauru,1991,24828.74537,58,9850,3.99
nru,Nauru,1992,20392.66388,57.8,10021,3.95
nru,Nauru,1993,16903.79296,57.7,10102,3.89
nru,Nauru,1994,16132.73545,57.6,10137,3.84
nru,Nauru,1995,14772.40575,57.4,10165,3.81
nru,Nauru,1996,12973.54369,57.3,10183,3.78
nru,Nauru,1997,11725.87291,57.1,10197,3.74
nru,Nauru,1998,10384.67779,57,10198,3.68
nru,Nauru,1999,9704.3835,56.9,10187,3.64
nru,Nauru,2000,9045.88119,56.8,10168,3.54
nru,Nauru,2001,8453.49239,56.7,10130,3.46
nru,Nauru,2002,7634.92083,56.7,10082,3.4
nru,Nauru,2003,7665.34369,56.6,10059,3.39
nru,Nauru,2004,7328.33621,56.6,10060,3.38
nru,Nauru,2005,7240.16555,56.6,10049,3.38
nru,Nauru,2006,7730.48873,56.7,10034,3.4
nru,Nauru,2007,6123.69092,56.7,10020,3.5
nru,Nauru,2008,7415.60076,57,10009,3.67
nru,Nauru,2009,7007.89149,57.2,10016,3.85
nru,Nauru,2010,6966.78567,57.3,10043,4.02
nru,Nauru,2011,7926.22136,57.5,10098,4.12
nru,Nauru,2012,9766.46483,57.8,10267,4.12
nru,Nauru,2013,9882.09256,58.1,10517,4.1
nru,Nauru,2014,11264.07883,58.4,10742,4.09
nru,Nauru,2015,11344.10275,58.6,10954,4.08
nru,Nauru,2016,11630.96039,58.8,11150,4.03
nru,Nauru,2017,10763.82305,58.9,11324,3.88
nru,Nauru,2018,10490.85563,59.1,11477,3.68
nru,Nauru,2019,11273.14078,59.3,11587,3.53
nzl,New Zealand,1990,30241.42029,75.5,3396979,2.17
nzl,New Zealand,1991,28729.70919,75.8,3480925,2.09
nzl,New Zealand,1992,28738.24334,76,3532244,2.06
nzl,New Zealand,1993,30144.00153,76.3,3573610,2.04
nzl,New Zealand,1994,31399.88614,76.6,3621030,1.98
nzl,New Zealand,1995,32397.31314,76.7,3674428,1.98
nzl,New Zealand,1996,33079.66426,77,3729378,1.96
nzl,New Zealand,1997,33413.29993,77.4,3776950,1.96
nzl,New Zealand,1998,33423.04001,77.9,3811371,1.9
nzl,New Zealand,1999,34999.05016,78.1,3835555,1.97
nzl,New Zealand,2000,35871.34674,78.4,3857574,1.98
nzl,New Zealand,2001,36807.22838,78.6,3891762,1.96
nzl,New Zealand,2002,37904.08537,78.8,3951119,1.89
nzl,New Zealand,2003,38935.26133,79.1,4022586,1.93
nzl,New Zealand,2004,39957.50869,79.4,4083910,1.98
nzl,New Zealand,2005,40817.84481,79.9,4135007,1.96
nzl,New Zealand,2006,41455.34941,80,4181940,2.01
nzl,New Zealand,2007,42350.36139,80.2,4223266,2.17
nzl,New Zealand,2008,41573.46249,80.4,4261824,2.19
nzl,New Zealand,2009,41140.53326,80.6,4304304,2.13
nzl,New Zealand,2010,41270.92851,80.9,4347770,2.17
nzl,New Zealand,2011,41814.88518,81,4382700,2.1
nzl,New Zealand,2012,42570.33328,81.3,4411676,2.09
nzl,New Zealand,2013,43338.43738,81.5,4453851,2
nzl,New Zealand,2014,44255.50466,81.5,4522983,1.93
nzl,New Zealand,2015,44963.83392,81.6,4614029,1.98
nzl,New Zealand,2016,45626.68184,81.7,4714770,1.88
nzl,New Zealand,2017,46193.28848,81.7,4812752,1.81
nzl,New Zealand,2018,46947.93725,81.7,4900847,1.72
nzl,New Zealand,2019,47277.66283,81.9,4989403,1.72
omn,Oman,1990,26933.16211,68.7,1763954,6.46
omn,Oman,1991,28072.10718,69.3,1851473,6.2
omn,Oman,1992,29900.85522,69.7,1938238,5.92
omn,Oman,1993,31206.06475,70.1,2021675,5.64
omn,Oman,1994,32212.28841,70.6,2081834,5.36
omn,Oman,1995,33914.8592,71,2120528,5.07
omn,Oman,1996,35112.65838,71.5,2156926,4.79
omn,Oman,1997,37467.24815,71.9,2190720,4.52
omn,Oman,1998,37836.64788,72.2,2222489,4.27
omn,Oman,1999,38091.55917,72.6,2252909,4.06
omn,Oman,2000,40524.4461,72.9,2282131,3.85
omn,Oman,2001,42340.35105,73.2,2310217,3.66
omn,Oman,2002,41867.99254,73.3,2337140,3.51
omn,Oman,2003,40743.64932,73.6,2363796,3.37
omn,Oman,2004,41072.01082,73.8,2404821,3.2
omn,Oman,2005,41481.61379,73.8,2459802,3.03
omn,Oman,2006,42653.91573,73.7,2514795,2.88
omn,Oman,2007,43898.2691,73.7,2570174,2.76
omn,Oman,2008,46798.95737,73.9,2626529,2.76
omn,Oman,2009,48443.3598,73.9,2684659,2.83
omn,Oman,2010,48191.61451,73.9,2757446,2.97
omn,Oman,2011,44440.30926,74,3076763,2.96
omn,Oman,2012,41964.08286,74.2,3547106,2.93
omn,Oman,2013,40854.48535,74.5,3833913,2.95
omn,Oman,2014,39639.98705,74.6,4002439,2.97
omn,Oman,2015,39813.78871,74.7,4184895,2.97
omn,Oman,2016,39860.98939,74.9,4390877,2.95
omn,Oman,2017,38691.10771,75.1,4537396,2.92
omn,Oman,2018,38673.60454,75.6,4597877,2.81
omn,Oman,2019,38292.38597,75.9,4591241,2.7
pak,Pakistan,1990,3250.23643,62.1,116155576,6.36
pak,Pakistan,1991,3326.05597,62.2,120060406,6.29
pak,Pakistan,1992,3465.33893,62.4,123546848,6.21
pak,Pakistan,1993,3448.67151,62.5,127020117,6.11
pak,Pakistan,1994,3486.92639,62.7,130748083,6.01
pak,Pakistan,1995,3559.07166,62.8,134582253,5.89
pak,Pakistan,1996,3612.50494,63.2,138557092,5.77
pak,Pakistan,1997,3554.79376,63.4,142531804,5.64
pak,Pakistan,1998,3550.16665,63.7,146522356,5.51
pak,Pakistan,1999,3582.29593,64,150565377,5.46
pak,Pakistan,2000,3621.88037,64.3,154879127,5.35
pak,Pakistan,2001,3640.97303,64.5,159270907,5.18
pak,Pakistan,2002,3646.92199,64.8,163222549,5.01
pak,Pakistan,2003,3751.99908,65,167110248,4.89
pak,Pakistan,2004,3939.02923,65.2,171286000,4.69
pak,Pakistan,2005,4114.79452,64,175453212,4.6
pak,Pakistan,2006,4248.39333,65.7,179682690,4.59
pak,Pakistan,2007,4306.74362,65.9,184493231,4.55
pak,Pakistan,2008,4268.21132,66.1,189499113,4.52
pak,Pakistan,2009,4288.3738300000005,66.3,194376534,4.47
pak,Pakistan,2010,4228.78177,66.5,199239047,4.4
pak,Pakistan,2011,4246.06711,66.9,203746065,4.31
pak,Pakistan,2012,4292.0211,67.1,207667125,4.2
pak,Pakistan,2013,4407.14706,67.2,211073978,4.13
pak,Pakistan,2014,4520.23463,67.5,214264647,4.06
pak,Pakistan,2015,4645.28631,67.8,217290883,3.99
pak,Pakistan,2016,4886.61212,68.2,220138869,3.9
pak,Pakistan,2017,5031.56061,68.5,223273967,3.9
pak,Pakistan,2018,5255.06351,68.9,226928892,3.86
pak,Pakistan,2019,5295.95295,69.2,230800899,3.81
pan,Panama,1990,10780.16822,76.1,2455583,3.07
pan,Panama,1991,11590.47243,76.2,2508265,3
pan,Panama,1992,12324.44566,76.2,2561336,2.95
pan,Panama,1993,12772.66302,76.2,2615099,2.91
pan,Panama,1994,12911.09719,76.3,2669546,2.88
pan,Panama,1995,12911.65928,76.4,2724557,2.85
pan,Panama,1996,12169.10436,76.5,2780227,2.83
pan,Panama,1997,12837.61701,76.5,2836695,2.81
pan,Panama,1998,13638.82564,76.9,2893914,2.79
pan,Panama,1999,14067.06567,77.2,2951822,2.77
pan,Panama,2000,14371.4668,77.5,3010369,2.74
pan,Panama,2001,14249.01225,77.6,3069537,2.72
pan,Panama,2002,14350.55017,77.7,3129344,2.7
pan,Panama,2003,14811.56391,77.8,3189807,2.68
pan,Panama,2004,15741.34696,77.8,3251155,2.68
pan,Panama,2005,16743.71687,77.8,3313026,2.64
pan,Panama,2006,18075.76479,77.9,3375024,2.62
pan,Panama,2007,20109.67673,78.1,3437490,2.61
pan,Panama,2008,21790.55657,78.2,3500648,2.61
pan,Panama,2009,21786.09268,78.2,3564381,2.59
pan,Panama,2010,22739.11062,78.1,3628535,2.59
pan,Panama,2011,24999.46059,78.2,3693505,2.6
pan,Panama,2012,26926.88528,78.3,3759256,2.59
pan,Panama,2013,28135.3279,78.3,3825329,2.57
pan,Panama,2014,28931.80445,78.4,3892101,2.55
pan,Panama,2015,29933.15557,78.6,3960035,2.53
pan,Panama,2016,30765.23716,78.7,4029086,2.5
pan,Panama,2017,31979.81227,78.8,4098707,2.46
pan,Panama,2018,32681.44636,78.9,4167860,2.4
pan,Panama,2019,33163.72691,78.9,4234700,2.29
per,Peru,1990,6341.64348,72.9,22014771,3.91
per,Peru,1991,6350.52887,71.8,22483775,3.79
per,Peru,1992,6190.31921,73,22946340,3.67
per,Peru,1993,6386.83311,72.9,23413783,3.55
per,Peru,1994,7034.32533,72.9,23881493,3.43
per,Peru,1995,7413.87861,72.9,24348919,3.32
per,Peru,1996,7482.29794,73.3,24811171,3.2
per,Peru,1997,7824.40453,73.9,25274147,3.1
per,Peru,1998,7656.30693,74.5,25738095,3
per,Peru,1999,7639.87921,75.5,26186504,2.92
per,Peru,2000,7724.22627,76.3,26598331,2.85
per,Peru,2001,7663.7208,77,26964601,2.74
per,Peru,2002,7981.43617,77.3,27288217,2.69
per,Peru,2003,8220.07656,77.3,27580490,2.66
per,Peru,2004,8537.15543,77.5,27852190,2.67
per,Peru,2005,8986.11141,78,28101180,2.64
per,Peru,2006,9578.48689,78.6,28324491,2.62
per,Peru,2007,10310.62675,78.8,28530699,2.58
per,Peru,2008,11168.72285,79,28719041,2.53
per,Peru,2009,11212.67064,78.8,28896811,2.48
per,Peru,2010,12059.01802,79,29086019,2.42
per,Peru,2011,12726.59998,79.5,29304086,2.41
per,Peru,2012,13395.39938,79.9,29550366,2.36
per,Peru,2013,14052.13762,80.4,29817919,2.32
per,Peru,2014,14244.56602,80.8,30115826,2.27
per,Peru,2015,14542.79309,81.1,30457600,2.23
per,Peru,2016,14917.44895,80.9,30866494,2.19
per,Peru,2017,15069.52211,80.2,31324637,2.15
per,Peru,2018,15386.26016,79.7,31897584,2.12
per,Peru,2019,15463.54324,79.6,32449303,2.09
phl,Philippines,1990,4553.02619,68.8,62854666,4.32
phl,Philippines,1991,4433.42834,69.2,64382249,4.27
phl,Philippines,1992,4355.54139,69.6,65926125,4.16
phl,Philippines,1993,4352.64175,69.7,67530621,4.1
phl,Philippines,1994,4449.2787,69.9,69019291,4.08
phl,Philippines,1995,4556.37461,70,70546246,4.07
phl,Philippines,1996,4714.91525,70,72190242,4
phl,Philippines,1997,4845.58875,70.2,73908810,3.94
phl,Philippines,1998,4703.30194,70.3,75791024,3.88
phl,Philippines,1999,4737.47636,70.6,77753257,3.83
phl,Philippines,2000,4827.84656,70.5,79625397,3.75
phl,Philippines,2001,4861.25528,70.3,81401488,3.72
phl,Philippines,2002,4934.5461,70.3,83068889,3.65
phl,Philippines,2003,5076.67025,70.6,84731835,3.59
phl,Philippines,2004,5298.45613,70.7,86394504,3.52
phl,Philippines,2005,5447.69536,70.6,88015962,3.45
phl,Philippines,2006,5630.26197,70.6,89508986,3.47
phl,Philippines,2007,5882.26257,70.9,91075184,3.4
phl,Philippines,2008,6016.67532,70.8,92699095,3.4
phl,Philippines,2009,5980.50897,70.7,94384250,3.38
phl,Philippines,2010,6273.03928,70.8,96337125,3.32
phl,Philippines,2011,6388.31297,70.9,98248614,3.24
phl,Philippines,2012,6697.55621,70.9,100175512,3.14
phl,Philippines,2013,7016.53846,70.6,102076336,3.04
phl,Philippines,2014,7340.36159,71,103767130,2.89
phl,Philippines,2015,7691.76309,70.9,105312992,2.83
phl,Philippines,2016,8131.82538,70.7,106735719,2.68
phl,Philippines,2017,8584.13623,71,108119693,2.53
phl,Philippines,2018,9016.2866,71.3,109465287,2.38
phl,Philippines,2019,9452.29397,71.6,110804683,2.22
plw,Palau,1990,18619.06658,66.3,15259,2.88
plw,Palau,1991,18600.36004,66.5,15614,2.74
plw,Palau,1992,16973.22674,66.6,15989,2.71
plw,Palau,1993,14510.58014,66.7,16372,2.73
plw,Palau,1994,15174.67372,66.8,16770,2.66
plw,Palau,1995,16396.83946,66.8,17195,2.55
plw,Palau,1996,17623.41584,66.8,17654,2.39
plw,Palau,1997,17568.19465,67,18108,2.19
plw,Palau,1998,17506.77883,67,18524,2.01
plw,Palau,1999,16221.85322,67.1,18901,1.91
plw,Palau,2000,15586.24569,67.1,19178,1.82
plw,Palau,2001,16425.81813,67.2,19352,1.87
plw,Palau,2002,17071.35331,67.3,19503,1.92
plw,Palau,2003,16377.65552,67.4,19659,1.96
plw,Palau,2004,16893.73505,67.5,19820,1.99
plw,Palau,2005,17474.70511,67.6,19819,2.02
plw,Palau,2006,17615.35108,67.7,19593,2
plw,Palau,2007,18177.88694,67.9,19302,1.97
plw,Palau,2008,17436.43087,68.1,19009,1.95
plw,Palau,2009,16420.39584,68.1,18709,1.94
plw,Palau,2010,16530.84558,68.2,18396,1.94
plw,Palau,2011,17682.60864,68.3,18078,1.97
plw,Palau,2012,18219.69799,68.3,17765,2.01
plw,Palau,2013,17783.62931,68.4,17648,2.05
plw,Palau,2014,18561.44049,68.4,17715,2.03
plw,Palau,2015,20021.31442,68.4,17770,2
plw,Palau,2016,19902.9819,68.6,17797,2.06
plw,Palau,2017,19237.92655,68.8,17812,2.02
plw,Palau,2018,19256.92763,68.9,17814,1.97
plw,Palau,2019,19312.79055,69,17798,1.98
png,Papua New Guinea,1990,3105.03102,62,3896481,5.18
png,Papua New Guinea,1991,3305.75314,61.9,4021837,5.11
png,Papua New Guinea,1992,3647.2562,62.2,4166699,5.03
png,Papua New Guinea,1993,4173.325,62.4,4320872,4.96
png,Papua New Guinea,1994,4278.72638,62.6,4480208,4.87
png,Papua New Guinea,1995,4002.47127,62.8,4644278,4.78
png,Papua New Guinea,1996,4170.68141,63,4813361,4.73
png,Papua New Guinea,1997,3875.17791,63.2,4987883,4.68
png,Papua New Guinea,1998,3606.10963,62.4,5166390,4.63
png,Papua New Guinea,1999,3552.20634,63.3,5349333,4.59
png,Papua New Guinea,2000,3350.12137,63.4,5537064,4.53
png,Papua New Guinea,2001,3237.16538,63.5,5728435,4.47
png,Papua New Guinea,2002,3127.237,63.4,5924003,4.42
png,Papua New Guinea,2003,3091.31069,63.6,6123997,4.36
png,Papua New Guinea,2004,3072.34331,63.7,6328041,4.28
png,Papua New Guinea,2005,3161.25688,63.8,6535905,4.22
png,Papua New Guinea,2006,3218.72622,64,6747720,4.15
png,Papua New Guinea,2007,3363.92381,64,6963345,4.08
png,Papua New Guinea,2008,3246.19449,64.3,7183002,4.02
png,Papua New Guinea,2009,3356.31321,64.4,7406438,3.94
png,Papua New Guinea,2010,3579.17141,64.4,7633523,3.88
png,Papua New Guinea,2011,3514.83277,64.5,7859346,3.82
png,Papua New Guinea,2012,3577.45177,64.6,8081390,3.75
png,Papua New Guinea,2013,3615.28324,65.1,8302698,3.68
png,Papua New Guinea,2014,3998.61805,65.3,8523441,3.63
png,Papua New Guinea,2015,4154.52333,65.4,8743246,3.56
png,Papua New Guinea,2016,4275.74859,65.8,8961718,3.5
png,Papua New Guinea,2017,4322.22282,66,9178714,3.43
png,Papua New Guinea,2018,4211.14547,66.2,9394513,3.38
png,Papua New Guinea,2019,4301.61139,66.3,9609010,3.32
pol,Poland,1990,12235.11832,71.2,38055455,2.07
pol,Poland,1991,11393.39907,71,38152947,2.07
pol,Poland,1992,11700.56271,71.4,38233640,1.96
pol,Poland,1993,12161.69822,71.7,38294882,1.87
pol,Poland,1994,12828.01755,72.1,38344313,1.8
pol,Poland,1995,13853.44664,72.3,38364667,1.63
pol,Poland,1996,14739.7198,72.5,38359171,1.59
pol,Poland,1997,15722.89484,72.8,38348310,1.52
pol,Poland,1998,16494.75232,73.1,38326437,1.44
pol,Poland,1999,17319.2511,73.3,38287713,1.38
pol,Poland,2000,18334.49982,73.9,38258071,1.37
pol,Poland,2001,18612.30925,74.3,38247357,1.32
pol,Poland,2002,19019.6872,74.7,38229408,1.25
pol,Poland,2003,19741.60119,74.9,38203524,1.23
pol,Poland,2004,20793.47082,75.1,38167572,1.23
pol,Poland,2005,21513.65483,75.3,38124379,1.24
pol,Poland,2006,22886.21627,75.4,38071167,1.27
pol,Poland,2007,24468.67846,75.5,38020421,1.31
pol,Poland,2008,25549.19487,75.7,37995902,1.39
pol,Poland,2009,26206.23389,76,38002155,1.4
pol,Poland,2010,27112.13338,76.4,38095351,1.41
pol,Poland,2011,28521.66126,76.8,38208643,1.34
pol,Poland,2012,28952.91573,76.9,38247868,1.33
pol,Poland,2013,29168.62421,77.2,38259262,1.29
pol,Poland,2014,30334.87866,77.6,38265113,1.32
pol,Poland,2015,31700.36824,77.6,38266314,1.32
pol,Poland,2016,32675.30523,77.9,38263265,1.39
pol,Poland,2017,34354.59876,77.9,38254959,1.47
pol,Poland,2018,36500.41143,77.8,38241071,1.44
pol,Poland,2019,38181.62303,78,38225885,1.44
prk,North Korea,1990,2597.3189,71.5,21112137,2.39
prk,North Korea,1991,2437.86059,71.5,21428638,2.35
prk,North Korea,1992,2222.20632,71.5,21750911,2.29
prk,North Korea,1993,2081.50589,71.5,22073352,2.22
prk,North Korea,1994,1999.15648,71.5,22393975,2.18
prk,North Korea,1995,1876.20267,65.3,22669304,2.15
prk,North Korea,1996,1782.11558,65.2,22895746,2.09
prk,North Korea,1997,1642.80395,65.2,23110830,2.03
prk,North Korea,1998,1609.68608,65.1,23311564,1.99
prk,North Korea,1999,1688.38598,69,23497599,1.97
prk,North Korea,2000,1672.45101,69.1,23665910,1.94
prk,North Korea,2001,1711.88224,69.1,23815358,1.94
prk,North Korea,2002,1710.91213,69.2,23943973,1.92
prk,North Korea,2003,1721.85746,71.9,24090380,1.91
prk,North Korea,2004,1737.6171,71.9,24254943,1.9
prk,North Korea,2005,1782.7741,72,24396433,1.87
prk,North Korea,2006,1745.03059,72.2,24524507,1.94
prk,North Korea,2007,1706.62299,72.2,24646383,1.94
prk,North Korea,2008,1745.35003,72.5,24764618,1.97
prk,North Korea,2009,1712.06133,72.6,24878332,1.91
prk,North Korea,2010,1686.7512,72.7,24987258,1.89
prk,North Korea,2011,1692.53105,72.8,25097874,1.88
prk,North Korea,2012,1706.01735,72.9,25211728,1.88
prk,North Korea,2013,1715.65043,72.9,25329451,1.88
prk,North Korea,2014,1725.2835,73.1,25451262,1.87
prk,North Korea,2015,1698.31089,73.2,25575350,1.86
prk,North Korea,2016,1754.18272,73.3,25698326,1.86
prk,North Korea,2017,1684.82459,73.4,25817709,1.85
prk,North Korea,2018,1607.76,73.5,25931147,1.83
prk,North Korea,2019,1494.08,73.6,26037632,1.83
prt,Portugal,1990,25935.18916,74.2,9989524,1.56
prt,Portugal,1991,27153.22696,74.2,9969176,1.56
prt,Portugal,1992,27707.41228,74.6,9960340,1.54
prt,Portugal,1993,27281.58036,74.8,9972342,1.51
prt,Portugal,1994,27579.00685,75.4,9998487,1.45
prt,Portugal,1995,28616.71679,75.5,10031751,1.41
prt,Portugal,1996,29588.43922,75.5,10067649,1.44
prt,Portugal,1997,30834.7098,75.9,10110551,1.47
prt,Portugal,1998,32233.68829,76.1,10159525,1.47
prt,Portugal,1999,33382.71849,76.4,10214871,1.5
prt,Portugal,2000,34490.82,76.8,10283204,1.54
prt,Portugal,2001,34989.77279,77.2,10354325,1.46
prt,Portugal,2002,35139.00933,77.4,10413044,1.46
prt,Portugal,2003,34749.20143,77.7,10454245,1.44
prt,Portugal,2004,35351.62552,78.4,10481381,1.41
prt,Portugal,2005,35622.73481,78.8,10502994,1.41
prt,Portugal,2006,36193.11836,79.1,10524120,1.37
prt,Portugal,2007,37083.19514,79.3,10546825,1.35
prt,Portugal,2008,37198.64961,79.6,10564081,1.38
prt,Portugal,2009,36050.61782,79.8,10576267,1.35
prt,Portugal,2010,36703.11402,80.1,10578660,1.38
prt,Portugal,2011,36127.29481,80.5,10557052,1.34
prt,Portugal,2012,34804.63319,80.6,10513150,1.28
prt,Portugal,2013,34651.7718,80.9,10458298,1.21
prt,Portugal,2014,35097.40968,81.3,10406199,1.23
prt,Portugal,2015,35803.35741,81.4,10370267,1.3
prt,Portugal,2016,36636.29768,81.5,10346372,1.36
prt,Portugal,2017,37943.11506,81.7,10330844,1.38
prt,Portugal,2018,39123.61476,81.8,10325353,1.41
prt,Portugal,2019,40188.28668,82,10343213,1.42
pry,Paraguay,1990,9001.17585,75,4035747,4.57
pry,Paraguay,1991,9095.56602,75.2,4144364,4.48
pry,Paraguay,1992,9064.17948,75.1,4253600,4.4
pry,Paraguay,1993,9306.47903,74.9,4362696,4.28
pry,Paraguay,1994,9568.47095,74.6,4471417,4.2
pry,Paraguay,1995,10007.78061,74.5,4579806,4.11
pry,Paraguay,1996,9966.11995,74.4,4687543,4.01
pry,Paraguay,1997,10194.89587,74.5,4794412,3.91
pry,Paraguay,1998,10054.4127,74.5,4900025,3.8
pry,Paraguay,1999,9773.59705,74.6,5003135,3.67
pry,Paraguay,2000,9409.92057,74.6,5100868,3.51
pry,Paraguay,2001,9266.47124,74.8,5187689,3.36
pry,Paraguay,2002,9333.5949,74.7,5261328,3.23
pry,Paraguay,2003,9650.79944,74.6,5326436,3.12
pry,Paraguay,2004,9961.97786,74.1,5388175,3.05
pry,Paraguay,2005,10098.54606,74.2,5448097,2.97
pry,Paraguay,2006,10512.34007,74.1,5505148,2.89
pry,Paraguay,2007,11014.72226,74.1,5559386,2.82
pry,Paraguay,2008,11660.62392,74.1,5613574,2.79
pry,Paraguay,2009,11550.16197,73.9,5671236,2.76
pry,Paraguay,2010,12738.57656,73.8,5737971,2.7
pry,Paraguay,2011,13109.46657,73.9,5814626,2.67
pry,Paraguay,2012,12834.80159,74,5897008,2.66
pry,Paraguay,2013,13700.70305,73.9,5982445,2.64
pry,Paraguay,2014,14219.35442,74,6069811,2.65
pry,Paraguay,2015,14427.60023,73.8,6159103,2.65
pry,Paraguay,2016,14826.66369,73.6,6249126,2.62
pry,Paraguay,2017,15320.33665,73.7,6338660,2.59
pry,Paraguay,2018,15592.98414,73.7,6427382,2.56
pry,Paraguay,2019,15321.32455,73.5,6515058,2.53
pse,Palestine,1990,3936.40643,70.8,2139067,6.81
pse,Palestine,1991,3537.95471,71,2228954,6.75
pse,Palestine,1992,4111.03744,71.1,2324693,6.65
pse,Palestine,1993,4265.82829,71.3,2425066,6.5
pse,Palestine,1994,4639.12627,71.5,2529159,6.33
pse,Palestine,1995,4657.96039,71.7,2636551,6.16
pse,Palestine,1996,4426.07312,71.9,2746822,5.99
pse,Palestine,1997,4775.5471,72.1,2859575,5.82
pse,Palestine,1998,5253.17518,72.4,2962888,5.69
pse,Palestine,1999,5478.57427,72.6,3056252,5.58
pse,Palestine,2000,4829.81047,72.7,3151793,5.46
pse,Palestine,2001,4226.68901,72.7,3242285,5.34
pse,Palestine,2002,3572.22475,72.7,3322364,5.22
pse,Palestine,2003,3936.54946,73,3398070,5.06
pse,Palestine,2004,4603.27791,73,3475177,4.97
pse,Palestine,2005,4964.9129,73.4,3557401,4.87
pse,Palestine,2006,4760.95564,73.3,3645096,4.74
pse,Palestine,2007,4805.25922,73.5,3736691,4.63
pse,Palestine,2008,5004.56469,73.6,3829041,4.51
pse,Palestine,2009,5279.29973,73.8,3921246,4.44
pse,Palestine,2010,5432.24363,74.4,4016916,4.43
pse,Palestine,2011,5805.32115,74.7,4115908,4.31
pse,Palestine,2012,6009.10926,75,4215313,4.15
pse,Palestine,2013,6142.20204,75.6,4315261,4.05
pse,Palestine,2014,5990.42662,74.4,4415882,4
pse,Palestine,2015,6072.65032,75.9,4521565,3.98
pse,Palestine,2016,6464.13353,76.2,4632739,3.89
pse,Palestine,2017,6426.79522,76.4,4742743,3.77
pse,Palestine,2018,6342.93748,76.6,4850592,3.67
pse,Palestine,2019,6269.89135,76.8,4957768,3.59
qat,Qatar,1990,46346.06661,71.7,440175,4.23
qat,Qatar,1991,46423.80882,71.9,454853,3.99
qat,Qatar,1992,52627.12448,72,469657,3.85
qat,Qatar,1993,52791.50922,72.1,484545,3.77
qat,Qatar,1994,54263.5663,72.5,499459,3.67
qat,Qatar,1995,56106.16731,72.9,514325,3.56
qat,Qatar,1996,58880.58926,72.9,529019,3.44
qat,Qatar,1997,75885.92431,72.9,550500,3.33
qat,Qatar,1998,82414.42392,73.1,580540,3.21
qat,Qatar,1999,83610.58323,73.3,612500,3.12
qat,Qatar,2000,87743.72295,73.6,644989,3.07
qat,Qatar,2001,88501.85563,73.8,677925,3.08
qat,Qatar,2002,91956.39756,73.9,711205,3.01
qat,Qatar,2003,92159.9721,74.2,744682,2.93
qat,Qatar,2004,106340.7024,74.5,773332,2.79
qat,Qatar,2005,107403.6527,74.8,825408,2.64
qat,Qatar,2006,115662.0324,75.1,972831,2.51
qat,Qatar,2007,110412.7366,75.5,1208595,2.44
qat,Qatar,2008,110060.3064,76.1,1426938,2.37
qat,Qatar,2009,108980.1659,76.6,1586050,2.25
qat,Qatar,2010,129045.0056,77.4,1709229,2.14
qat,Qatar,2011,145591.0194,78.2,1810950,2.07
qat,Qatar,2012,143830.7109,78.9,1907117,2.04
qat,Qatar,2013,136453.9974,79.7,2032641,2.03
qat,Qatar,2014,128013.9871,80.2,2218372,2.03
qat,Qatar,2015,123070.8879,80.8,2427331,1.98
qat,Qatar,2016,120054.4087,81.3,2599372,1.86
qat,Qatar,2017,115064.9437,81.5,2706709,1.83
qat,Qatar,2018,114909.9455,81.7,2761142,1.76
qat,Qatar,2019,113160.9738,81.8,2797921,1.73
rou,Romania,1990,13052.9344,70.1,22939530,1.84
rou,Romania,1991,11669.01455,69.9,22947413,1.6
rou,Romania,1992,10969.04705,69.7,22912393,1.51
rou,Romania,1993,11353.93386,69.6,22842250,1.44
rou,Romania,1994,12018.27219,69.6,22756243,1.4
rou,Romania,1995,13025.89439,69.3,22657723,1.34
rou,Romania,1996,13783.45942,69.1,22541910,1.3
rou,Romania,1997,13367.14462,69.4,22411513,1.32
rou,Romania,1998,13252.7296,70,22284900,1.32
rou,Romania,1999,13395.06791,70.6,22166159,1.3
rou,Romania,2000,13926.91126,71.1,22046262,1.3
rou,Romania,2001,15029.22008,71.2,21919917,1.27
rou,Romania,2002,16321.47101,71.2,21770017,1.27
rou,Romania,2003,16997.02513,71.5,21593450,1.3
rou,Romania,2004,18988.32604,72.1,21403217,1.34
rou,Romania,2005,20120.47984,72.4,21213388,1.39
rou,Romania,2006,22014.45635,72.8,21035732,1.42
rou,Romania,2007,24083.33279,73.2,20870716,1.45
rou,Romania,2008,26871.97991,73.4,20718742,1.58
rou,Romania,2009,25687.0848,73.6,20576927,1.64
rou,Romania,2010,24900.23033,73.9,20432574,1.57
rou,Romania,2011,26147.93946,74.4,20282011,1.48
rou,Romania,2012,26764.58126,74.8,20158452,1.51
rou,Romania,2013,26939.03876,75.1,20062921,1.47
rou,Romania,2014,28153.10728,75.2,19968174,1.56
rou,Romania,2015,29178.74452,75.2,19871019,1.62
rou,Romania,2016,30185.9059,75.3,19777051,1.69
rou,Romania,2017,32849.10773,75.4,19689401,1.77
rou,Romania,2018,35065.18026,75.4,19597872,1.75
rou,Romania,2019,36633.36233,75.7,19501542,1.71
rus,Russia,1990,25100.29477,69.4,148979541,1.91
rus,Russia,1991,24112.96093,69.1,149448433,1.75
rus,Russia,1992,20873.7343,68,148915991,1.57
rus,Russia,1993,19320.4721,65.7,148135424,1.39
rus,Russia,1994,17105.00628,64.4,148200736,1.4
rus,Russia,1995,16600.83496,65,148291403,1.35
rus,Russia,1996,16187.14917,66.2,148084582,1.29
rus,Russia,1997,16617.2416,67.1,147853771,1.24
rus,Russia,1998,15921.8084,67.4,147635531,1.24
rus,Russia,1999,17151.06435,66.4,147241975,1.18
rus,Russia,2000,19109.81254,65.8,146717783,1.19
rus,Russia,2001,20330.95747,65.7,146117284,1.22
rus,Russia,2002,21542.91112,65.5,145939500,1.29
rus,Russia,2003,23377.38743,65.4,145794229,1.33
rus,Russia,2004,25313.33615,65.7,145180097,1.35
rus,Russia,2005,27180.8808,65.9,144597884,1.3
rus,Russia,2006,29644.43878,67.1,144102948,1.32
rus,Russia,2007,32352.78407,67.9,143859764,1.43
rus,Russia,2008,34169.8408,68.3,143811840,1.52
rus,Russia,2009,31584.80031,69,143869132,1.56
rus,Russia,2010,33063.58594,69.2,143934465,1.59
rus,Russia,2011,34444.64453,70.1,144043748,1.6
rus,Russia,2012,35740.69922,70.6,144291029,1.71
rus,Russia,2013,36260.06641,71,144604098,1.73
rus,Russia,2014,35853.24609,71.2,144925638,1.77
rus,Russia,2015,35037.15234,71.4,145307616,1.79
rus,Russia,2016,35005.44922,71.9,145778677,1.77
rus,Russia,2017,35570.39063,72.7,146186799,1.63
rus,Russia,2018,36536.69531,73.1,146430146,1.58
rus,Russia,2019,37319.32031,73.5,146533067,1.5
rwa,Rwanda,1990,1298.52419,46.9,7375307,6.8
rwa,Rwanda,1991,1217.83204,47.3,7526966,6.62
rwa,Rwanda,1992,1247.94653,47.6,7683266,6.54
rwa,Rwanda,1993,1087.37757,47.9,7981132,6.48
rwa,Rwanda,1994,644.33439,48,6792352,6.42
rwa,Rwanda,1995,1016.50626,47.8,5674118,6.35
rwa,Rwanda,1996,958.95226,47.4,6708764,6.29
rwa,Rwanda,1997,933.91083,46.2,7755238,6.24
rwa,Rwanda,1998,966.60265,45.6,8081681,6.17
rwa,Rwanda,1999,994.62627,44.7,8147912,6.06
rwa,Rwanda,2000,1060.64365,43.8,8213931,5.97
rwa,Rwanda,2001,1131.0756,11.1,8287094,5.89
rwa,Rwanda,2002,1253.68904,40.7,8400180,5.82
rwa,Rwanda,2003,1246.67796,41.3,8586875,5.74
rwa,Rwanda,2004,1298.40345,40.7,8816844,5.64
rwa,Rwanda,2005,1377.21062,42.9,9054528,5.5
rwa,Rwanda,2006,1459.38743,44.6,9299246,5.34
rwa,Rwanda,2007,1524.63641,46.4,9549933,5.14
rwa,Rwanda,2008,1646.69354,48.1,9804269,4.92
rwa,Rwanda,2009,1701.97716,50.4,10060432,4.71
rwa,Rwanda,2010,1779.15851,52.4,10317553,4.52
rwa,Rwanda,2011,1874.21498,54.5,10573733,4.33
rwa,Rwanda,2012,1988.0122,56.6,10829901,4.2
rwa,Rwanda,2013,2032.4048,58.2,11093340,4.14
rwa,Rwanda,2014,2106.21454,59.6,11364757,4.12
rwa,Rwanda,2015,2238.53942,60.7,11640022,4.11
rwa,Rwanda,2016,2316.63732,61.6,11919183,4.11
rwa,Rwanda,2017,2351.59687,62.4,12202060,4.08
rwa,Rwanda,2018,2493.44002,63,12487996,4.05
rwa,Rwanda,2019,2667.46458,63.4,12776103,3.99
sau,Saudi Arabia,1990,45937.52609,68.4,10640691,5.8
sau,Saudi Arabia,1991,49955.65651,69.1,11160744,5.64
sau,Saudi Arabia,1992,51510.35492,69.7,11686676,5.49
sau,Saudi Arabia,1993,50831.94433,70.2,12215862,5.33
sau,Saudi Arabia,1994,50604.17724,70.7,12750040,5.16
sau,Saudi Arabia,1995,50058.16726,71.2,13289245,4.99
sau,Saudi Arabia,1996,50910.88866,71.7,13831009,4.81
sau,Saudi Arabia,1997,51339.53609,72.1,14374943,4.66
sau,Saudi Arabia,1998,51967.77695,72.6,14922185,4.52
sau,Saudi Arabia,1999,50530.29916,72.9,15472075,4.35
sau,Saudi Arabia,2000,51649.9186,73,16177722,4.21
sau,Saudi Arabia,2001,49984.6681,73.1,17041397,3.96
sau,Saudi Arabia,2002,47847.63417,73,17910910,3.71
sau,Saudi Arabia,2003,50402.0537,72.8,18786767,3.47
sau,Saudi Arabia,2004,52846.12676,72.6,19669480,3.26
sau,Saudi Arabia,2005,54038.83725,72.4,20559890,3.16
sau,Saudi Arabia,2006,53859.94698,72.1,21459144,3.18
sau,Saudi Arabia,2007,53086.86599,71.9,22368313,3.19
sau,Saudi Arabia,2008,54355.42282,71.7,23287877,3.07
sau,Saudi Arabia,2009,51777.98146,71.6,24217654,2.95
sau,Saudi Arabia,2010,54911.54752,71.6,25157128,2.81
sau,Saudi Arabia,2011,58645.46489,71.9,26105645,2.8
sau,Saudi Arabia,2012,59471.68202,72.2,27062443,2.78
sau,Saudi Arabia,2013,57998.48168,72.7,28026825,2.67
sau,Saudi Arabia,2014,58872.26714,73.1,28998128,2.68
sau,Saudi Arabia,2015,58498.5399,73.2,29974938,2.63
sau,Saudi Arabia,2016,57308.46378,73.9,30717808,2.65
sau,Saudi Arabia,2017,57942.5485,74.1,30782402,2.67
sau,Saudi Arabia,2018,61359.46537,74.3,30365121,2.67
sau,Saudi Arabia,2019,62647.71413,74.3,30472811,2.49
sdn,Sudan,1990,2182.28795,55.9,22021481,6.07
sdn,Sudan,1991,2313.98712,56.4,22470676,6.05
sdn,Sudan,1992,2433.68098,56.8,22927355,6.02
sdn,Sudan,1993,2511.32739,56.9,23445592,5.97
sdn,Sudan,1994,2502.53056,57.9,24043948,5.91
sdn,Sudan,1995,2612.00665,58.2,24672143,5.86
sdn,Sudan,1996,2729.73309,58.4,25231528,5.79
sdn,Sudan,1997,3144.11724,58.7,25799821,5.72
sdn,Sudan,1998,3231.27828,58.7,26458999,5.65
sdn,Sudan,1999,3277.3809,59.7,27130613,5.62
sdn,Sudan,2000,3417.72691,60.1,27816745,5.6
sdn,Sudan,2001,3566.51472,60.7,28516770,5.56
sdn,Sudan,2002,3703.35497,61.2,29228727,5.53
sdn,Sudan,2003,3861.226,61.7,29896035,5.49
sdn,Sudan,2004,3970.10127,61.8,30556637,5.46
sdn,Sudan,2005,4104.40877,63.1,31262444,5.4
sdn,Sudan,2006,4274.67822,63.5,31992435,5.33
sdn,Sudan,2007,4411.58603,64.2,32764135,5.27
sdn,Sudan,2008,4451.99211,64.8,33623980,5.21
sdn,Sudan,2009,4195.98319,65.1,34569113,5.17
sdn,Sudan,2010,4219.83691,65.6,35414399,5.14
sdn,Sudan,2011,4467.62598,66.1,36140806,5.09
sdn,Sudan,2012,4145.93164,66.6,36923178,5.03
sdn,Sudan,2013,4130.48584,66.9,37785849,4.97
sdn,Sudan,2014,4207.50049,67.4,38823318,4.91
sdn,Sudan,2015,4159.19434,67.6,40024431,4.9
sdn,Sudan,2016,4174.56103,68.1,41259892,4.83
sdn,Sudan,2017,4061.01831,68.5,42714306,4.76
sdn,Sudan,2018,3816.65991,68.9,44230596,4.68
sdn,Sudan,2019,3625.52319,69.2,45548175,4.62
sen,Senegal,1990,2848.46787,57.5,7720523,6.4
sen,Senegal,1991,2841.46022,57.8,7943085,6.27
sen,Senegal,1992,2799.4538,58,8168395,6.15
sen,Senegal,1993,2761.39883,58.3,8396288,6.05
sen,Senegal,1994,2688.71822,58.5,8624078,5.92
sen,Senegal,1995,2764.36505,58.9,8848101,5.82
sen,Senegal,1996,2753.03031,59.1,9067014,5.72
sen,Senegal,1997,2772.3576,59.6,9283495,5.64
sen,Senegal,1998,2869.50435,59.9,9502952,5.58
sen,Senegal,1999,2982.00365,60.5,9730887,5.57
sen,Senegal,2000,3025.6101,61.7,9968260,5.5
sen,Senegal,2001,3085.2906,60.4,10212942,5.4
sen,Senegal,2002,3019.10643,60.6,10466214,5.3
sen,Senegal,2003,3120.05929,62.5,10721176,5.25
sen,Senegal,2004,3197.14275,63.1,10975704,5.19
sen,Senegal,2005,3265.85849,63.7,11235472,5.13
sen,Senegal,2006,3270.7774,64.5,11500094,5.06
sen,Senegal,2007,3295.20445,65.3,11770344,5.02
sen,Senegal,2008,3344.52397,65.9,12048959,5.02
sen,Senegal,2009,3363.26324,66.3,12337389,5.03
sen,Senegal,2010,3403.56707,67.1,12635413,5.06
sen,Senegal,2011,3362.87941,67.5,12958897,5.1
sen,Senegal,2012,3405.10864,68,13310495,5.13
sen,Senegal,2013,3385.42591,68.4,13710849,5.05
sen,Senegal,2014,3484.0122,68.6,14152102,4.88
sen,Senegal,2015,3593.79477,69.1,14593331,4.75
sen,Senegal,2016,3710.05532,69.2,15034521,4.65
sen,Senegal,2017,3871.45147,69.4,15475002,4.49
sen,Senegal,2018,3998.28635,69.9,15914498,4.29
sen,Senegal,2019,4070.61227,69.7,16352922,4.1
sgp,Singapore,1990,40541.43199,75.6,3039591,1.58
sgp,Singapore,1991,42350.99634,76.1,3136291,1.5
sgp,Singapore,1992,44225.21491,76.4,3226465,1.49
sgp,Singapore,1993,48395.46196,76.7,3317892,1.5
sgp,Singapore,1994,52517.58316,76.8,3417817,1.47
sgp,Singapore,1995,55022.19107,77.1,3533624,1.44
sgp,Singapore,1996,57349.56135,77.4,3664560,1.42
sgp,Singapore,1997,60552.68943,77.9,3796622,1.37
sgp,Singapore,1998,57697.66153,78.4,3901418,1.26
sgp,Singapore,1999,60755.1301,78.7,3966557,1.24
sgp,Singapore,2000,65418.14388,79.2,4035245,1.34
sgp,Singapore,2001,63377.94302,79.5,4116166,1.19
sgp,Singapore,2002,65510.59032,79.9,4146892,1.17
sgp,Singapore,2003,69590.25317,80.1,4138245,1.08
sgp,Singapore,2004,75877.95335,80.4,4172767,1.07
sgp,Singapore,2005,80017.08023,80.9,4268364,1.07
sgp,Singapore,2006,85005.30868,81.1,4407058,1.07
sgp,Singapore,2007,89389.31469,81.4,4596515,1.07
sgp,Singapore,2008,86768.19679,81.9,4806741,1.04
sgp,Singapore,2009,84585.75269,82.4,4968568,1
sgp,Singapore,2010,95456.18931,82.8,5077014,0.93
sgp,Singapore,2011,99296.75611,83.1,5182239,0.96
sgp,Singapore,2012,101187.8253,83.4,5293340,1.03
sgp,Singapore,2013,104359.0307,83.7,5385588,0.95
sgp,Singapore,2014,107066.8586,84,5457900,1
sgp,Singapore,2015,108953.7243,84.3,5525340,0.98
sgp,Singapore,2016,111579.7427,84.6,5577930,0.94
sgp,Singapore,2017,116471.8208,84.8,5604078,0.94
sgp,Singapore,2018,119927.7691,85.1,5634369,0.95
sgp,Singapore,2019,120114.1339,85.4,5669563,0.94
slb,Solomon Islands,1990,2397.67223,61.4,331435,5.74
slb,Solomon Islands,1991,2464.3537,61.2,341738,5.62
slb,Solomon Islands,1992,2693.26107,61.7,352205,5.51
slb,Solomon Islands,1993,2716.68462,61.9,362839,5.45
slb,Solomon Islands,1994,2855.93846,62,373675,5.4
slb,Solomon Islands,1995,3039.58815,62.4,384733,5.34
slb,Solomon Islands,1996,2998.16408,62.6,396009,5.22
slb,Solomon Islands,1997,2881.96726,62.6,407474,5.09
slb,Solomon Islands,1998,2838.3031,62.8,419071,4.98
slb,Solomon Islands,1999,2746.52265,63.2,430500,4.86
slb,Solomon Islands,2000,2297.6439,63.2,440469,4.76
slb,Solomon Islands,2001,2070.03378,63.5,449125,4.67
slb,Solomon Islands,2002,1971.19788,63.6,457671,4.6
slb,Solomon Islands,2003,2058.41971,63.8,466154,4.54
slb,Solomon Islands,2004,2169.68067,64,474611,4.47
slb,Solomon Islands,2005,2284.10999,64,483080,4.41
slb,Solomon Islands,2006,2340.83468,63.9,491594,4.39
slb,Solomon Islands,2007,2387.51606,64,500156,4.37
slb,Solomon Islands,2008,2492.18037,64.5,508790,4.36
slb,Solomon Islands,2009,2513.16372,64.1,518141,4.35
slb,Solomon Islands,2010,2682.28529,64.4,532968,4.34
slb,Solomon Islands,2011,2777.47103,63.9,552945,4.34
slb,Solomon Islands,2012,2743.45333,63.7,573606,4.33
slb,Solomon Islands,2013,2783.59442,63.6,594945,4.33
slb,Solomon Islands,2014,2716.41807,63.4,616908,4.36
slb,Solomon Islands,2015,2664.73036,63.6,639415,4.29
slb,Solomon Islands,2016,2715.23386,63.9,662379,4.2
slb,Solomon Islands,2017,2703.66071,64,685672,4.06
slb,Solomon Islands,2018,2686.12001,64,709101,3.93
slb,Solomon Islands,2019,2661.59973,64,728147,3.8
sle,Sierra Leone,1990,2545.11652,47,4196828,6.57
sle,Sierra Leone,1991,2499.81673,46.9,4246267,6.55
sle,Sierra Leone,1992,2134.07223,47.2,4166366,6.56
sle,Sierra Leone,1993,2185.88601,47.4,4157130,6.57
sle,Sierra Leone,1994,2185.24505,46.7,4173105,6.56
sle,Sierra Leone,1995,2012.30748,46.4,4179179,6.56
sle,Sierra Leone,1996,1930.76515,47.8,4199210,6.55
sle,Sierra Leone,1997,1768.15329,48,4253716,6.53
sle,Sierra Leone,1998,1791.62048,46.4,4295785,6.5
sle,Sierra Leone,1999,1744.27789,46.7,4318043,6.42
sle,Sierra Leone,2000,1824.79416,48.4,4423611,6.36
sle,Sierra Leone,2001,1673.66366,49.4,4692716,6.31
sle,Sierra Leone,2002,2008.84405,49.9,4971435,6.23
sle,Sierra Leone,2003,2122.10412,50.3,5177687,6.09
sle,Sierra Leone,2004,2196.45543,50.9,5355717,5.92
sle,Sierra Leone,2005,2243.41579,51.3,5501712,5.81
sle,Sierra Leone,2006,2299.45302,51.6,5624466,5.74
sle,Sierra Leone,2007,2349.59932,52.1,5749352,5.64
sle,Sierra Leone,2008,2387.68198,52.8,5894722,5.56
sle,Sierra Leone,2009,2370.01474,53.4,6055646,5.45
sle,Sierra Leone,2010,2461.98105,53.9,6222714,5.33
sle,Sierra Leone,2011,2592.85894,54.3,6387251,5.21
sle,Sierra Leone,2012,2795.43889,54.5,6551080,5.06
sle,Sierra Leone,2013,3127.53945,55.1,6714051,4.87
sle,Sierra Leone,2014,2815.05858,54.1,6876385,4.7
sle,Sierra Leone,2015,2630.53499,55.3,7037655,4.55
sle,Sierra Leone,2016,2734.71899,56.6,7205328,4.47
sle,Sierra Leone,2017,2755.90429,56.7,7379299,4.39
sle,Sierra Leone,2018,2769.86968,57.5,7554563,4.29
sle,Sierra Leone,2019,2855.22907,57.8,7731991,4.19
slv,El Salvador,1990,5514.66258,68.5,5399726,3.96
slv,El Salvador,1991,5576.95982,68.7,5495077,3.89
slv,El Salvador,1992,5921.9482,69.4,5585609,3.8
slv,El Salvador,1993,6255.72677,69.6,5659957,3.69
slv,El Salvador,1994,6544.49123,69.7,5714129,3.61
slv,El Salvador,1995,6848.49366,70.1,5762131,3.57
slv,El Salvador,1996,6889.1288,70.4,5805286,3.48
slv,El Salvador,1997,7096.68455,70.6,5844578,3.38
slv,El Salvador,1998,7274.66483,70.7,5880781,3.34
slv,El Salvador,1999,7422.80156,71.5,5913900,3.22
slv,El Salvador,2000,7497.59169,71.9,5943366,3.08
slv,El Salvador,2001,7558.43492,71.8,5968060,2.93
slv,El Salvador,2002,7676.18413,72.6,5986631,2.78
slv,El Salvador,2003,7797.59635,72.5,5998599,2.64
slv,El Salvador,2004,7872.2645,72.5,6004671,2.52
slv,El Salvador,2005,8088.6992,72.5,6005578,2.44
slv,El Salvador,2006,8440.24662,72.6,6002319,2.4
slv,El Salvador,2007,8588.87985,72.8,6009824,2.35
slv,El Salvador,2008,8733.46566,73,6029297,2.29
slv,El Salvador,2009,8508.9752,72.9,6048279,2.26
slv,El Salvador,2010,8648.92983,73.5,6068249,2.24
slv,El Salvador,2011,8943.06192,73.9,6090127,2.22
slv,El Salvador,2012,9165.42035,72.1,6113975,2.19
slv,El Salvador,2013,9327.56424,71.9,6138839,2.15
slv,El Salvador,2014,9451.74461,71.3,6162955,2.13
slv,El Salvador,2015,9646.15432,70.7,6183676,2.07
slv,El Salvador,2016,9863.76121,72.5,6200800,1.97
slv,El Salvador,2017,10064.79349,72.6,6213533,1.9
slv,El Salvador,2018,10297.20361,72.7,6219807,1.85
slv,El Salvador,2019,10543.93833,72.8,6222318,1.84
smr,San Marino,1990,55769.63411,78.4,23475,1.16
smr,San Marino,1991,55701.1838,78.7,23797,1.17
smr,San Marino,1992,55184.45817,79,24125,1.15
smr,San Marino,1993,59006.03313,79.3,24472,1.12
smr,San Marino,1994,62134.41913,79.6,24823,1.14
smr,San Marino,1995,66936.52395,79.8,25158,1.17
smr,San Marino,1996,69349.1092,80,25482,1.21
smr,San Marino,1997,70279.27768,80.2,25800,1.24
smr,San Marino,1998,74338.6029,80.4,26125,1.26
smr,San Marino,1999,79750.34064,80.6,26459,1.29
smr,San Marino,2000,80165.10474,80.9,26799,1.4
smr,San Marino,2001,83242.7805,81.1,27143,1.52
smr,San Marino,2002,82129.89427,81.3,27491,1.43
smr,San Marino,2003,83902.87492,81.6,27843,1.3
smr,San Marino,2004,82905.94827,82,28203,1.3
smr,San Marino,2005,83461.24027,82.3,28572,1.2
smr,San Marino,2006,85275.61041,82.7,28942,1.24
smr,San Marino,2007,88024.25407,83.1,29316,1.26
smr,San Marino,2008,85986.32619,83.5,29701,1.52
smr,San Marino,2009,73467.45202,83.9,30090,1.36
smr,San Marino,2010,68669.25265,84.2,30624,1.46
smr,San Marino,2011,64214.11876,84.6,32169,1.46
smr,San Marino,2012,58176.3778,84.9,33467,1.29
smr,San Marino,2013,58467.97696,85.2,33620,1.48
smr,San Marino,2014,58743.58442,85.4,33725,1.26
smr,San Marino,2015,59647.65946,85.6,33901,1.2
smr,San Marino,2016,60669.81862,85.8,34161,1.13
smr,San Marino,2017,59524.55979,85.9,34378,1.05
smr,San Marino,2018,59194.04429,86.1,34529,1.08
smr,San Marino,2019,60171.04713,86.3,34653,1.1
som,Somalia,1990,943.40187,52.2,7082811,7.44
som,Somalia,1991,929.14854,51,6813760,7.47
som,Somalia,1992,868.16457,51.8,6495107,7.5
som,Somalia,1993,872.61063,53.8,6681399,7.53
som,Somalia,1994,680.17649,53,7026797,7.54
som,Somalia,1995,677.26085,53.6,7285007,7.58
som,Somalia,1996,699.37563,53.7,7554474,7.62
som,Somalia,1997,676.56539,53.4,7824525,7.66
som,Somalia,1998,685.76286,54.1,8155417,7.66
som,Somalia,1999,701.04122,54.3,8492059,7.66
som,Somalia,2000,716.42269,54.4,8838713,7.65
som,Somalia,2001,733.19436,54.7,9198493,7.64
som,Somalia,2002,756.37389,54.8,9550063,7.63
som,Somalia,2003,781.35822,55.2,9909157,7.6
som,Somalia,2004,804.23113,55,10280998,7.57
som,Somalia,2005,829.94429,55.5,10644228,7.53
som,Somalia,2006,855.56388,56.5,10975502,7.49
som,Somalia,2007,884.12801,57.1,11322582,7.46
som,Somalia,2008,915.86207,58.1,11663084,7.42
som,Somalia,2009,953.8074,58.7,11961201,7.38
som,Somalia,2010,994.86846,52.4,12261756,7.32
som,Somalia,2011,1053.98384,42.6,12348830,7.27
som,Somalia,2012,1114.40415,53.5,12461160,7.21
som,Somalia,2013,1197.29192,61,12869594,7.14
som,Somalia,2014,1258.82249,61.4,13339491,7.06
som,Somalia,2015,1343.44297,62,13806963,6.98
som,Somalia,2016,1383.65853,62.5,14348740,6.88
som,Somalia,2017,1527.11216,63.1,14916629,6.77
som,Somalia,2018,1504.43909,63.7,15452487,6.66
som,Somalia,2019,1491.1076,64.1,16030971,6.56
srb,Serbia,1990,17997.58641,70.1,7874594,1.65
srb,Serbia,1991,16017.72634,69.4,7867067,1.61
srb,Serbia,1992,11584.70776,70,7859809,1.57
srb,Serbia,1993,8088.11156,70.6,7849725,1.54
srb,Serbia,1994,8340.66473,70.5,7837158,1.51
srb,Serbia,1995,8887.14097,70.5,7823284,1.47
srb,Serbia,1996,9498.33756,70.5,7807721,1.44
srb,Serbia,1997,10434.84231,70.6,7789182,1.4
srb,Serbia,1998,11065.7794,70.6,7765922,1.37
srb,Serbia,1999,9886.37157,68.6,7734365,1.35
srb,Serbia,2000,10614.4698,71.4,7694605,1.35
srb,Serbia,2001,11418.6831,71.8,7651927,1.36
srb,Serbia,2002,12260.62781,72.1,7616743,1.36
srb,Serbia,2003,12927.99991,72.3,7590935,1.37
srb,Serbia,2004,13925.98811,72.5,7565841,1.36
srb,Serbia,2005,14857.66651,72.8,7539133,1.34
srb,Serbia,2006,15571.51567,73,7511394,1.32
srb,Serbia,2007,16904.35045,73.3,7482989,1.32
srb,Serbia,2008,17908.02822,73.5,7454279,1.33
srb,Serbia,2009,17456.40097,73.8,7425347,1.36
srb,Serbia,2010,17840.4348,74.1,7395864,1.4
srb,Serbia,2011,17985.57946,74.4,7364859,1.4
srb,Serbia,2012,17992.80975,74.6,7324623,1.44
srb,Serbia,2013,18162.1903,74.8,7276180,1.43
srb,Serbia,2014,17921.43481,75,7227203,1.46
srb,Serbia,2015,18246.78995,75.2,7177253,1.46
srb,Serbia,2016,18888.3266,75.4,7126083,1.46
srb,Serbia,2017,19437.90421,75.6,7073507,1.48
srb,Serbia,2018,20453.08158,75.7,7020019,1.49
srb,Serbia,2019,21539.92129,75.8,6966153,1.51
ssd,South Sudan,1990,1160.24303,50.1,4737633,7.38
ssd,South Sudan,1991,1140.96395,50.4,4836677,7.38
ssd,South Sudan,1992,1000.11308,50.6,4909749,7.37
ssd,South Sudan,1993,997.99161,50.9,4956002,7.36
ssd,South Sudan,1994,781.15456,51.2,5071184,7.35
ssd,South Sudan,1995,767.24984,51.3,5225836,7.34
ssd,South Sudan,1996,775.03025,51.7,5356925,7.32
ssd,South Sudan,1997,728.03187,50.6,5509136,7.2
ssd,South Sudan,1998,715.8547,51.3,5620068,7.08
ssd,South Sudan,1999,708.4967,52.3,5771628,6.94
ssd,South Sudan,2000,701.20667,52.8,6032267,6.8
ssd,South Sudan,2001,696.29345,53.7,6308391,6.65
ssd,South Sudan,2002,696.00116,54,6596806,6.52
ssd,South Sudan,2003,695.67877,54.2,6903127,6.35
ssd,South Sudan,2004,694.19612,54.5,7233041,6.19
ssd,South Sudan,2005,691.5774,54.8,7590143,6.02
ssd,South Sudan,2006,685.61683,54.4,7976526,5.85
ssd,South Sudan,2007,680.81284,54.9,8388788,5.7
ssd,South Sudan,2008,676.04252,55.4,8817647,5.57
ssd,South Sudan,2009,671.30562,55.3,9243556,5.45
ssd,South Sudan,2010,665.518,56,9745953,5.32
ssd,South Sudan,2011,665.518,56.2,10288109,5.19
ssd,South Sudan,2012,325.292,56.2,10756240,5.06
ssd,South Sudan,2013,407.52,56.1,11166275,4.94
ssd,South Sudan,2014,408.16,56.1,11235073,4.82
ssd,South Sudan,2015,398.849,56.3,11107561,4.7
ssd,South Sudan,2016,339.143,56.2,10830102,4.58
ssd,South Sudan,2017,316.051,56.2,10259154,4.48
ssd,South Sudan,2018,492.682,56.2,10122977,4.37
ssd,South Sudan,2019,582.824,56.4,10423384,4.26
stp,Sao Tome and Principe,1990,3593.63359,63.6,122980,5.83
stp,Sao Tome and Principe,1991,3575.46825,63.9,125697,5.77
stp,Sao Tome and Principe,1992,3549.7125,63.9,128110,5.7
stp,Sao Tome and Principe,1993,3543.1067,64,130467,5.64
stp,Sao Tome and Principe,1994,3576.45601,64,132732,5.56
stp,Sao Tome and Principe,1995,3604.51288,64.3,134895,5.55
stp,Sao Tome and Principe,1996,3617.10293,64.2,136962,5.47
stp,Sao Tome and Principe,1997,3613.63247,64.1,138922,5.4
stp,Sao Tome and Principe,1998,3667.24374,63.9,140751,5.3
stp,Sao Tome and Principe,1999,3724.92867,63.8,142442,5.23
stp,Sao Tome and Principe,2000,3711.08247,64.4,144018,5.16
stp,Sao Tome and Principe,2001,3776.45593,64.5,146375,5.1
stp,Sao Tome and Principe,2002,3822.2203,64.6,149922,5.06
stp,Sao Tome and Principe,2003,4048.06029,64.9,153814,5.01
stp,Sao Tome and Principe,2004,4107.39949,65,157705,4.96
stp,Sao Tome and Principe,2005,4292.15451,64.6,161639,4.94
stp,Sao Tome and Principe,2006,4578.84967,65,165638,4.93
stp,Sao Tome and Principe,2007,4648.90078,65.2,169700,4.96
stp,Sao Tome and Principe,2008,4842.5292,65.5,173793,4.91
stp,Sao Tome and Principe,2009,4903.61402,66.4,177853,4.84
stp,Sao Tome and Principe,2010,4882.04796,66.5,181802,4.77
stp,Sao Tome and Principe,2011,4876.47316,67,185649,4.72
stp,Sao Tome and Principe,2012,4919.55294,67.5,189439,4.66
stp,Sao Tome and Principe,2013,5072.112,67.7,193148,4.58
stp,Sao Tome and Principe,2014,5223.09573,67.8,196767,4.49
stp,Sao Tome and Principe,2015,5210.20378,68.1,200291,4.35
stp,Sao Tome and Principe,2016,5388.50913,68.5,203689,4.2
stp,Sao Tome and Principe,2017,5521.2025,68.9,206970,4.07
stp,Sao Tome and Principe,2018,5674.72379,69.3,210187,3.98
stp,Sao Tome and Principe,2019,5702.08347,69.5,213392,3.9
sur,Suriname,1990,16146.21847,70.7,412493,3.23
sur,Suriname,1991,16472.02342,70.7,415013,3.09
sur,Suriname,1992,16436.78717,70.6,417589,3.01
sur,Suriname,1993,15273.02022,70.5,419352,2.94
sur,Suriname,1994,15701.58948,70.6,422375,2.9
sur,Suriname,1995,15499.29876,70.8,429606,2.9
sur,Suriname,1996,15402.53605,70.8,438830,2.92
sur,Suriname,1997,16024.00537,70.8,448067,2.95
sur,Suriname,1998,16135.60146,70.7,457406,2.99
sur,Suriname,1999,15658.67233,70.7,466916,3.02
sur,Suriname,2000,15730.67361,70.9,476643,3.05
sur,Suriname,2001,16124.6014,70.9,486560,3.06
sur,Suriname,2002,16306.29235,70.9,496551,2.96
sur,Suriname,2003,17057.51916,71,506414,2.84
sur,Suriname,2004,18291.02133,71.2,513923,2.74
sur,Suriname,2005,18964.50522,71.5,519313,2.71
sur,Suriname,2006,19898.56044,71.7,524997,2.73
sur,Suriname,2007,20733.97283,71.9,531016,2.74
sur,Suriname,2008,21400.36492,72,537245,2.73
sur,Suriname,2009,21847.62245,72.2,543568,2.71
sur,Suriname,2010,22772.47545,72.4,549923,2.69
sur,Suriname,2011,23829.53329,72.6,556269,2.67
sur,Suriname,2012,24193.84124,72.6,562633,2.67
sur,Suriname,2013,24624.02199,72.7,569020,2.65
sur,Suriname,2014,24414.35548,72.7,575373,2.62
sur,Suriname,2015,23327.52525,72.8,581627,2.57
sur,Suriname,2016,21950.41221,72.9,587757,2.5
sur,Suriname,2017,22070.51376,73,593713,2.43
sur,Suriname,2018,22938.53537,73,599513,2.38
sur,Suriname,2019,22966.7406,73,605768,2.35
svk,Slovak Republic,1990,17230.39989,71,5266078,2.08
svk,Slovak Republic,1991,14710.54454,71.2,5284874,2.03
svk,Slovak Republic,1992,13734.09589,71.5,5306436,1.93
svk,Slovak Republic,1993,14118.05007,71.9,5326360,1.86
svk,Slovak Republic,1994,14930.33051,72.3,5343231,1.67
svk,Slovak Republic,1995,15816.45258,72.5,5354282,1.52
svk,Slovak Republic,1996,16761.11482,72.7,5362428,1.47
svk,Slovak Republic,1997,17657.04006,72.8,5369779,1.43
svk,Slovak Republic,1998,18304.25162,72.9,5374796,1.38
svk,Slovak Republic,1999,18197.95751,73,5378104,1.33
svk,Slovak Republic,2000,18368.86038,73.3,5379999,1.29
svk,Slovak Republic,2001,18941.46331,73.6,5379437,1.2
svk,Slovak Republic,2002,19778.75141,73.8,5377688,1.19
svk,Slovak Republic,2003,20755.65526,74,5376196,1.2
svk,Slovak Republic,2004,21867.34973,74.2,5376038,1.25
svk,Slovak Republic,2005,23279.38612,74.3,5376695,1.26
svk,Slovak Republic,2006,25341.72937,74.4,5376846,1.25
svk,Slovak Republic,2007,28069.62684,74.6,5376999,1.27
svk,Slovak Republic,2008,29548.18415,74.9,5379120,1.34
svk,Slovak Republic,2009,27881.80086,75.2,5385073,1.43
svk,Slovak Republic,2010,29745.86139,75.5,5391851,1.43
svk,Slovak Republic,2011,30468.76602,75.9,5398109,1.45
svk,Slovak Republic,2012,30894.25128,76.3,5404871,1.39
svk,Slovak Republic,2013,31078.12394,76.5,5410422,1.4
svk,Slovak Republic,2014,31888.74288,76.8,5415230,1.42
svk,Slovak Republic,2015,33507.72572,76.9,5420278,1.4
svk,Slovak Republic,2016,34116.38337,77.1,5427259,1.48
svk,Slovak Republic,2017,35042.71724,77.2,5435700,1.52
svk,Slovak Republic,2018,36415.72072,77.4,5443232,1.55
svk,Slovak Republic,2019,37194.13759,77.7,5450626,1.57
svn,Slovenia,1990,25005.80474,73.3,1998007,1.46
svn,Slovenia,1991,22755.03187,73.3,1999193,1.42
svn,Slovenia,1992,21535.99399,73.4,1995859,1.33
svn,Slovenia,1993,22195.87156,73.6,1990811,1.33
svn,Slovenia,1994,23402.72575,74,1988262,1.32
svn,Slovenia,1995,24521.80937,74.3,1988095,1.29
svn,Slovenia,1996,25273.73099,74.6,1986793,1.28
svn,Slovenia,1997,26606.59927,74.9,1984398,1.25
svn,Slovenia,1998,27488.19212,75.2,1980064,1.23
svn,Slovenia,1999,28914.52268,75.5,1981194,1.21
svn,Slovenia,2000,29866.49515,75.9,1986816,1.25
svn,Slovenia,2001,30671.05794,76.1,1989679,1.21
svn,Slovenia,2002,31664.56603,76.4,1991572,1.21
svn,Slovenia,2003,32653.76114,76.6,1992490,1.2
svn,Slovenia,2004,34125.64025,77,1993545,1.25
svn,Slovenia,2005,35403.55285,77.5,1996914,1.26
svn,Slovenia,2006,37396.28215,77.9,2003114,1.32
svn,Slovenia,2007,39879.39188,78.3,2014158,1.39
svn,Slovenia,2008,41191.95491,78.6,2025085,1.53
svn,Slovenia,2009,37763.60268,79,2035608,1.54
svn,Slovenia,2010,38065.73615,79.3,2044612,1.58
svn,Slovenia,2011,38235.72284,79.6,2048804,1.57
svn,Slovenia,2012,37043.06469,79.9,2053321,1.59
svn,Slovenia,2013,36688.0835,80.1,2056441,1.55
svn,Slovenia,2014,37664.65194,80.4,2058401,1.58
svn,Slovenia,2015,38537.09519,80.6,2059947,1.58
svn,Slovenia,2016,39677.41715,80.9,2061373,1.59
svn,Slovenia,2017,41703.30395,81,2062410,1.62
svn,Slovenia,2018,43371.98096,81.3,2069481,1.61
svn,Slovenia,2019,44580.77777,81.5,2083439,1.61
swe,Sweden,1990,39408.10064,77.7,8558567,2.12
swe,Sweden,1991,38752.02141,77.9,8616959,2.11
swe,Sweden,1992,38139.38547,78.1,8667574,2.08
swe,Sweden,1993,37196.02583,78.3,8718036,1.99
swe,Sweden,1994,38474.55145,78.7,8780190,1.88
swe,Sweden,1995,39885.39437,78.9,8826302,1.73
swe,Sweden,1996,40549.68247,79.1,8840327,1.6
swe,Sweden,1997,41797.06937,79.3,8845524,1.53
swe,Sweden,1998,43600.95594,79.4,8850609,1.51
swe,Sweden,1999,45484.2467,79.5,8857686,1.5
swe,Sweden,2000,47554.61213,79.8,8872101,1.54
swe,Sweden,2001,48121.13764,79.9,8896022,1.57
swe,Sweden,2002,49124.55863,80,8925047,1.65
swe,Sweden,2003,49935.32894,80.2,8958431,1.71
swe,Sweden,2004,51863.66652,80.5,8993808,1.75
swe,Sweden,2005,53149.96078,80.6,9029771,1.77
swe,Sweden,2006,55344.698,80.8,9080623,1.85
swe,Sweden,2007,56739.80248,81,9148274,1.88
swe,Sweden,2008,55800.78651,81.2,9219900,1.91
swe,Sweden,2009,52966.61982,81.4,9298740,1.93
swe,Sweden,2010,55527.93981,81.6,9378232,1.97
swe,Sweden,2011,56853.83716,81.7,9449259,1.9
swe,Sweden,2012,56200.90226,81.8,9519487,1.9
swe,Sweden,2013,56360.70842,82,9600620,1.89
swe,Sweden,2014,57085.38536,82.2,9696433,1.88
swe,Sweden,2015,58975.97789,82.3,9799481,1.85
swe,Sweden,2016,59608.08746,82.4,9923280,1.85
swe,Sweden,2017,59883.66776,82.5,10057862,1.79
swe,Sweden,2018,60318.46072,82.7,10175405,1.75
swe,Sweden,2019,61232.48485,83,10279125,1.71
swz,Eswatini,1990,5423.1134,56.4,872428,5.3
swz,Eswatini,1991,5327.67841,56.7,908189,5.13
swz,Eswatini,1992,5324.0992,56.9,943416,4.98
swz,Eswatini,1993,5358.82348,57.2,971318,4.82
swz,Eswatini,1994,5505.99328,57.2,971212,4.66
swz,Eswatini,1995,5789.40503,57,970433,4.52
swz,Eswatini,1996,5906.38369,56.3,989841,4.38
swz,Eswatini,1997,5996.38602,55.5,1006635,4.24
swz,Eswatini,1998,6078.06367,54.2,1019653,4.13
swz,Eswatini,1999,6191.65481,52.4,1030782,4.09
swz,Eswatini,2000,6238.11593,50,1041414,4.03
swz,Eswatini,2001,6253.49065,47.3,1051064,3.94
swz,Eswatini,2002,6466.889,45.2,1059441,3.85
swz,Eswatini,2003,6675.4961,42.7,1066700,3.8
swz,Eswatini,2004,6869.88342,40.7,1073159,3.76
swz,Eswatini,2005,7234.23245,40.4,1079022,3.7
swz,Eswatini,2006,7620.11392,41.8,1084436,3.63
swz,Eswatini,2007,7904.88179,43.5,1090705,3.58
swz,Eswatini,2008,7916.44946,44.5,1098091,3.57
swz,Eswatini,2009,7975.60776,45.5,1105153,3.5
swz,Eswatini,2010,8210.69699,48.1,1111650,3.38
swz,Eswatini,2011,8348.7743,50.8,1117833,3.32
swz,Eswatini,2012,8752.11471,52,1123863,3.27
swz,Eswatini,2013,9040.76475,53.3,1129990,3.24
swz,Eswatini,2014,9119.66363,54.7,1136299,3.18
swz,Eswatini,2015,9253.29094,56.1,1142813,3.12
swz,Eswatini,2016,9629.55566,57.5,1149507,3.07
swz,Eswatini,2017,9696.5516,58.4,1158195,3.02
swz,Eswatini,2018,9632.16197,58.9,1168929,2.97
swz,Eswatini,2019,10123.31602,59.2,1179874,2.93
syc,Seychelles,1990,14040.58349,70.5,73983,2.61
syc,Seychelles,1991,14406.59066,70.4,74817,2.69
syc,Seychelles,1992,15508.32625,70.4,75617,2.53
syc,Seychelles,1993,16460.57599,70.3,76409,2.58
syc,Seychelles,1994,15902.28553,70.6,77261,2.6
syc,Seychelles,1995,15853.72563,71,78126,2.36
syc,Seychelles,1996,17068.93699,71.2,78882,2.31
syc,Seychelles,1997,19180.16344,71.2,79650,2.14
syc,Seychelles,1998,19714.58941,71.6,80722,2.04
syc,Seychelles,1999,19815.68624,71.8,82021,2.05
syc,Seychelles,2000,20423.05769,72,83318,2.07
syc,Seychelles,2001,19994.93405,72.1,84606,1.98
syc,Seychelles,2002,19742.58721,72.2,85857,2.03
syc,Seychelles,2003,18790.13164,72.3,87034,2.05
syc,Seychelles,2004,18355.37732,72.3,88156,2.04
syc,Seychelles,2005,19941.61082,72.4,89266,2.18
syc,Seychelles,2006,21404.71221,72.5,90373,2.1
syc,Seychelles,2007,23201.50044,72.6,91468,2.23
syc,Seychelles,2008,22069.98573,72.8,92547,2.32
syc,Seychelles,2009,21409.57396,72.9,93628,2.37
syc,Seychelles,2010,21708.75545,73.2,94971,2.2
syc,Seychelles,2011,24406.41298,73.4,97024,2.37
syc,Seychelles,2012,24919.95521,73.5,99543,2.41
syc,Seychelles,2013,24770.65146,73.8,102093,2.18
syc,Seychelles,2014,25379.41807,74,104654,2.16
syc,Seychelles,2015,27032.20839,74.3,107230,2.22
syc,Seychelles,2016,29905.13474,74.6,109821,2.3
syc,Seychelles,2017,31595.66806,74.9,112427,2.31
syc,Seychelles,2018,32841.42425,75.4,115040,2.29
syc,Seychelles,2019,34346.07089,75.9,117650,2.26
syr,Syria,1990,7187.0244,69.1,12579208,5.56
syr,Syria,1991,7408.3325,69.2,12980821,5.34
syr,Syria,1992,7967.12494,69.3,13385571,5.14
syr,Syria,1993,8080.27404,69.5,13795686,4.99
syr,Syria,1994,8235.38155,69.8,14208583,4.86
syr,Syria,1995,8399.75219,70,14616801,4.7
syr,Syria,1996,8726.34408,70.2,15018104,4.54
syr,Syria,1997,8707.57749,70.5,15417542,4.37
syr,Syria,1998,8937.5665,70.8,15820413,4.25
syr,Syria,1999,8322.58625,71.1,16228061,4.14
syr,Syria,2000,8116.3478,71.3,16637888,4.07
syr,Syria,2001,7964.55343,71.6,17051338,3.98
syr,Syria,2002,8040.54924,71.9,17468332,3.87
syr,Syria,2003,8286.14301,72.2,17889296,3.76
syr,Syria,2004,8601.33902,72.6,18336875,3.68
syr,Syria,2005,8868.48394,73,18814091,3.61
syr,Syria,2006,8904.42055,73.2,19637022,3.56
syr,Syria,2007,8838.83743,73.6,20884125,3.54
syr,Syria,2008,8901.19344,73.9,21636564,3.48
syr,Syria,2009,9276.9505,74.2,21976969,3.42
syr,Syria,2010,9546.56049,74.5,22482421,3.36
syr,Syria,2011,9648.82427,74.2,22878098,3.29
syr,Syria,2012,7144.37245,68.9,22759763,3.22
syr,Syria,2013,5530.97473,66.4,21666917,3.17
syr,Syria,2014,5301.62535,65.5,20273659,3.12
syr,Syria,2015,5302.07414,67,19424618,3.07
syr,Syria,2016,5022.11272,67.6,19193834,3.01
syr,Syria,2017,4977.7921,69.7,19224668,2.97
syr,Syria,2018,4956.09296,72.3,19577845,2.93
syr,Syria,2019,4825.40602,74.1,20353534,2.88
tcd,Chad,1990,1431.31281,48.1,5982833,7.22
tcd,Chad,1991,1498.77998,48.3,6205676,7.26
tcd,Chad,1992,1549.63137,48.6,6474656,7.3
tcd,Chad,1993,1342.01899,48.9,6629146,7.34
tcd,Chad,1994,1446.38425,49.1,6783450,7.31
tcd,Chad,1995,1416.0583,49.5,7089064,7.29
tcd,Chad,1996,1398.61685,49.5,7410108,7.29
tcd,Chad,1997,1442.06525,49.5,7670366,7.27
tcd,Chad,1998,1504.61852,49.5,7938840,7.27
tcd,Chad,1999,1456.23322,49.8,8222705,7.26
tcd,Chad,2000,1407.47073,49.7,8512093,7.25
tcd,Chad,2001,1531.79032,50.1,8804124,7.23
tcd,Chad,2002,1617.6377,50.4,9116192,7.2
tcd,Chad,2003,1795.65899,50.7,9487833,7.18
tcd,Chad,2004,2311.35318,51.1,9920036,7.16
tcd,Chad,2005,2607.45074,51.6,10328092,7.13
tcd,Chad,2006,2520.23726,51.8,10706424,7.12
tcd,Chad,2007,2573.03387,52.8,11081660,7.09
tcd,Chad,2008,2573.74658,53.3,11476296,7.06
tcd,Chad,2009,2465.52669,54,11893754,7.02
tcd,Chad,2010,2717.50763,54.4,12312575,6.99
tcd,Chad,2011,2742.69965,54.7,12754997,6.95
tcd,Chad,2012,2887.74825,55.2,13210998,6.91
tcd,Chad,2013,2864.7152,55.5,13691079,6.84
tcd,Chad,2014,2821.27515,55.8,14188678,6.78
tcd,Chad,2015,2823.36071,56,14647621,6.71
tcd,Chad,2016,2623.1207,56.5,15114655,6.62
tcd,Chad,2017,2496.49275,56.8,15622759,6.54
tcd,Chad,2018,2552.60616,57,16156531,6.46
tcd,Chad,2019,2604.91637,57.3,16685223,6.41
tgo,Togo,1990,2025.5292,55.8,3998761,6.07
tgo,Togo,1991,1969.18078,55.9,4115560,5.99
tgo,Togo,1992,1850.60052,56.1,4233617,5.89
tgo,Togo,1993,1583.24731,56.1,4207453,5.78
tgo,Togo,1994,1818.40833,56.1,4222940,5.67
tgo,Togo,1995,1879.34317,56.1,4410832,5.57
tgo,Togo,1996,1973.5034,56,4577860,5.46
tgo,Togo,1997,2156.38406,55.8,4725030,5.36
tgo,Togo,1998,2061.03874,55.8,4860913,5.29
tgo,Togo,1999,2066.41709,55.9,5000269,5.23
tgo,Togo,2000,2005.61984,55.8,5140037,5.17
tgo,Togo,2001,1975.28003,55.9,5277382,5.13
tgo,Togo,2002,1998.77466,56.2,5413274,5.09
tgo,Togo,2003,2088.43982,56.7,5552167,5.05
tgo,Togo,2004,2033.905,57.2,5696508,5
tgo,Togo,2005,1908.64738,57.5,5844631,5.04
tgo,Togo,2006,1914.8838,58,6010668,5.08
tgo,Togo,2007,1847.634,58.4,6188344,5.1
tgo,Togo,2008,1872.596,58.6,6368812,5.1
tgo,Togo,2009,1924.85687,59,6551865,5.1
tgo,Togo,2010,1988.95211,59.5,6732590,5.09
tgo,Togo,2011,2048.81549,60.2,6916474,4.98
tgo,Togo,2012,2121.42903,60.7,7100736,4.85
tgo,Togo,2013,2188.07011,61.3,7285442,4.75
tgo,Togo,2014,2253.48526,61.7,7472450,4.7
tgo,Togo,2015,2317.54781,61.9,7663195,4.66
tgo,Togo,2016,2355.26827,62.3,7858289,4.63
tgo,Togo,2017,2389.21245,62.6,8057140,4.58
tgo,Togo,2018,2442.64694,63.1,8258778,4.51
tgo,Togo,2019,2501.03087,63.5,8463068,4.45
tha,Thailand,1990,9018.79314,71.9,54738329,2.07
tha,Thailand,1991,9602.79825,71.8,55637434,2.04
tha,Thailand,1992,10216.05013,71.6,56528834,2.01
tha,Thailand,1993,10870.03201,71.4,57408198,1.97
tha,Thailand,1994,11535.61289,70.9,58260854,1.93
tha,Thailand,1995,12262.03659,70.6,59098232,1.89
tha,Thailand,1996,12744.62859,71.2,59920064,1.87
tha,Thailand,1997,12200.63242,72.4,60724584,1.85
tha,Thailand,1998,11098.15816,72.3,61522630,1.82
tha,Thailand,1999,11438.18745,71.3,62299043,1.77
tha,Thailand,2000,11791.25763,71,63007815,1.73
tha,Thailand,2001,12050.57636,71.2,63651141,1.71
tha,Thailand,2002,12644.97588,71.4,64266437,1.69
tha,Thailand,2003,13405.24847,71.8,64868166,1.67
tha,Thailand,2004,14099.036,71.7,65452047,1.67
tha,Thailand,2005,14542.32913,72.5,66017420,1.64
tha,Thailand,2006,15118.03226,73.2,66567687,1.63
tha,Thailand,2007,15792.72969,73.7,67102394,1.62
tha,Thailand,2008,15923.78276,74.3,67619830,1.59
tha,Thailand,2009,15680.89203,74.9,68121080,1.57
tha,Thailand,2010,16730.36979,75.1,68579447,1.56
tha,Thailand,2011,16766.34771,75.5,69007208,1.57
tha,Thailand,2012,17869.63766,75.9,69436098,1.56
tha,Thailand,2013,18242.42567,76.2,69845114,1.53
tha,Thailand,2014,18324.61447,76.4,70216367,1.48
tha,Thailand,2015,18811.99751,76.6,70540795,1.45
tha,Thailand,2016,19370.60878,76.7,70859841,1.4
tha,Thailand,2017,20094.67788,77.4,71160187,1.36
tha,Thailand,2018,20879.90278,77.8,71376079,1.32
tha,Thailand,2019,21277.83927,77.7,71522271,1.29
tjk,Tajikistan,1990,4718.37169,66.5,5398768,5.46
tjk,Tajikistan,1991,4223.92988,66,5541205,5.28
tjk,Tajikistan,1992,2888.08921,63,5649400,5.06
tjk,Tajikistan,1993,2405.09922,58.1,5724993,4.92
tjk,Tajikistan,1994,1850.80464,64,5825368,4.79
tjk,Tajikistan,1995,1580.2714,64.4,5948584,4.66
tjk,Tajikistan,1996,1318.30327,64.3,6066523,3.94
tjk,Tajikistan,1997,1311.44541,66.4,6139829,4.06
tjk,Tajikistan,1998,1356.60974,66.9,6176397,4.07
tjk,Tajikistan,1999,1386.3515,67.7,6208370,3.85
tjk,Tajikistan,2000,1470.93456,68.1,6284735,3.49
tjk,Tajikistan,2001,1568.5068,68.2,6407377,3.49
tjk,Tajikistan,2002,1690.09226,68.5,6531669,3.47
tjk,Tajikistan,2003,1824.99523,68.7,6658575,3.42
tjk,Tajikistan,2004,1959.233,69.1,6790547,3.51
tjk,Tajikistan,2005,2036.19774,69.6,6924720,3.4
tjk,Tajikistan,2006,2122.02333,70.1,7057566,3.34
tjk,Tajikistan,2007,2227.48611,70.6,7194477,3.37
tjk,Tajikistan,2008,2340.1787,71.1,7338403,3.39
tjk,Tajikistan,2009,2365.79447,71.4,7490230,3.43
tjk,Tajikistan,2010,2449.27359,71.7,7652141,3.46
tjk,Tajikistan,2011,2572.48075,72,7824785,3.46
tjk,Tajikistan,2012,2700.09546,72.4,8014084,3.42
tjk,Tajikistan,2013,2828.38542,72.8,8216724,3.43
tjk,Tajikistan,2014,2943.08868,72.9,8425552,3.46
tjk,Tajikistan,2015,3041.4448,72.7,8643840,3.46
tjk,Tajikistan,2016,3169.96678,72.6,8865631,3.38
tjk,Tajikistan,2017,3312.71202,72.9,9085946,3.29
tjk,Tajikistan,2018,3479.69236,73.3,9307333,3.29
tjk,Tajikistan,2019,3649.88375,73.3,9529966,3.28
tkm,Turkmenistan,1990,7872.12414,66,3760562,4.29
tkm,Turkmenistan,1991,7350.4949,65.7,3855894,4.15
tkm,Turkmenistan,1992,6128.43206,65.4,3944689,3.96
tkm,Turkmenistan,1993,6100.73634,64.9,4032407,3.78
tkm,Turkmenistan,1994,4953.51787,64.7,4116662,3.62
tkm,Turkmenistan,1995,4524.30481,64.6,4191203,3.49
tkm,Turkmenistan,1996,4629.25254,64.6,4263819,3.29
tkm,Turkmenistan,1997,4049.63117,64.9,4336730,3.18
tkm,Turkmenistan,1998,4276.45571,65.4,4410507,3.08
tkm,Turkmenistan,1999,4907.40143,66.1,4492170,2.98
tkm,Turkmenistan,2000,5175.88159,66.5,4582677,2.9
tkm,Turkmenistan,2001,5397.7409,66.8,4675409,2.81
tkm,Turkmenistan,2002,5385.14927,66.8,4769465,2.71
tkm,Turkmenistan,2003,5500.60305,66.8,4863865,2.67
tkm,Turkmenistan,2004,5673.20976,66.9,4958093,2.67
tkm,Turkmenistan,2005,6242.06214,67.1,5052257,2.71
tkm,Turkmenistan,2006,6740.57784,67.4,5147105,2.72
tkm,Turkmenistan,2007,7280.47327,67.7,5244046,2.73
tkm,Turkmenistan,2008,8113.97502,68.3,5345029,2.75
tkm,Turkmenistan,2009,8354.67656,69,5451592,2.79
tkm,Turkmenistan,2010,8842.33284,69.4,5564356,2.85
tkm,Turkmenistan,2011,9929.68935,69.6,5683417,2.9
tkm,Turkmenistan,2012,10794.23352,69.6,5808546,2.96
tkm,Turkmenistan,2013,11633.2906,69.6,5939341,3.01
tkm,Turkmenistan,2014,12544.39835,69.5,6075283,3.02
tkm,Turkmenistan,2015,13057.83033,69.5,6215770,3.03
tkm,Turkmenistan,2016,13552.84771,69.6,6360041,2.99
tkm,Turkmenistan,2017,14107.66712,69.7,6507061,2.93
tkm,Turkmenistan,2018,14648.13535,69.9,6655524,2.88
tkm,Turkmenistan,2019,15231.30562,70.2,6803944,2.83
tls,Timor-Leste,1990,2458.86265,57.4,760345,5.81
tls,Timor-Leste,1991,2635.44309,57.6,778278,5.84
tls,Timor-Leste,1992,2808.49154,58.3,799318,5.87
tls,Timor-Leste,1993,2987.60676,58.6,821437,5.88
tls,Timor-Leste,1994,3113.01559,59.5,844493,5.91
tls,Timor-Leste,1995,3237.68106,59.9,868146,5.94
tls,Timor-Leste,1996,3414.84431,61.6,892282,5.94
tls,Timor-Leste,1997,3455.67548,61,917184,5.96
tls,Timor-Leste,1998,3291.57804,61.5,942530,5.96
tls,Timor-Leste,1999,2334.66109,56.7,834697,5.97
tls,Timor-Leste,2000,3862.79702,63.6,745088,5.93
tls,Timor-Leste,2001,4116.4868,64.1,812249,5.92
tls,Timor-Leste,2002,3562.75861,64.8,879159,5.9
tls,Timor-Leste,2003,3340.92603,65.4,916878,5.85
tls,Timor-Leste,2004,3437.77695,66.3,929074,5.74
tls,Timor-Leste,2005,3501.73256,66.6,948311,5.61
tls,Timor-Leste,2006,3289.19065,67,976597,5.47
tls,Timor-Leste,2007,3450.57971,67.5,1004889,5.33
tls,Timor-Leste,2008,3669.87492,68.1,1032429,5.17
tls,Timor-Leste,2009,3858.85057,68.3,1058782,4.99
tls,Timor-Leste,2010,4049.18501,68.5,1084679,4.82
tls,Timor-Leste,2011,4191.80292,68.4,1110207,4.61
tls,Timor-Leste,2012,4299.96964,68.4,1134885,4.4
tls,Timor-Leste,2013,4342.35347,68.6,1158695,4.21
tls,Timor-Leste,2014,4447.48458,68.8,1181903,4
tls,Timor-Leste,2015,4469.93611,68.9,1205131,3.78
tls,Timor-Leste,2016,4517.58127,69,1228312,3.58
tls,Timor-Leste,2017,4292.07814,69.1,1251703,3.4
tls,Timor-Leste,2018,4210.4905,69.1,1275959,3.24
tls,Timor-Leste,2019,5096.45171,69.3,1300945,3.12
ton,Tonga,1990,4568.57998,70.6,99700,4.93
ton,Tonga,1991,4848.17204,70.7,99895,4.85
ton,Tonga,1992,4849.30247,70.8,100022,4.79
ton,Tonga,1993,5021.11768,70.9,100103,4.73
ton,Tonga,1994,5260.25649,70.9,100166,4.66
ton,Tonga,1995,5549.07378,71.1,100225,4.56
ton,Tonga,1996,5544.87382,71.1,100275,4.46
ton,Tonga,1997,5492.45465,71.1,100674,4.38
ton,Tonga,1998,5582.68227,71.1,101388,4.31
ton,Tonga,1999,5686.14809,71.1,102046,4.23
ton,Tonga,2000,5856.22403,71.2,102677,4.16
ton,Tonga,2001,5919.77403,71.3,103288,4.13
ton,Tonga,2002,6133.559,71.4,103874,4.14
ton,Tonga,2003,6108.34797,71.4,104464,4.18
ton,Tonga,2004,5954.06195,71.5,105071,4.19
ton,Tonga,2005,5881.36707,71.6,105671,4.2
ton,Tonga,2006,5715.82213,71.7,106253,4.14
ton,Tonga,2007,5534.16673,71.7,106726,4.09
ton,Tonga,2008,5774.08679,71.7,107020,4.01
ton,Tonga,2009,5466.85025,69.1,107203,3.95
ton,Tonga,2010,5488.7504,71.7,107400,3.88
ton,Tonga,2011,5847.44389,71.7,107570,3.83
ton,Tonga,2012,5907.26712,71.7,107460,3.77
ton,Tonga,2013,5951.69432,71.7,107078,3.7
ton,Tonga,2014,6096.86923,71.8,106609,3.62
ton,Tonga,2015,6194.63932,71.9,106095,3.54
ton,Tonga,2016,6639.13653,71.9,105524,3.46
ton,Tonga,2017,6862.66866,72,105356,3.39
ton,Tonga,2018,6896.04176,72.1,105567,3.33
ton,Tonga,2019,6875.02538,72.2,105669,3.27
tto,Trinidad and Tobago,1990,13558.05932,69,1252208,2.39
tto,Trinidad and Tobago,1991,13680.46335,69.1,1262171,2.29
tto,Trinidad and Tobago,1992,14557.02048,69.1,1271674,2.21
tto,Trinidad and Tobago,1993,14223.14634,69.1,1280466,2.13
tto,Trinidad and Tobago,1994,14378.02832,69,1288341,2.06
tto,Trinidad and Tobago,1995,14879.31868,69.1,1295169,1.97
tto,Trinidad and Tobago,1996,15773.70492,69,1300928,1.89
tto,Trinidad and Tobago,1997,16797.22897,69.1,1305836,1.83
tto,Trinidad and Tobago,1998,17998.2316,69.2,1310225,1.78
tto,Trinidad and Tobago,1999,19272.5336,69.3,1314708,1.76
tto,Trinidad and Tobago,2000,20419.6703,69.6,1319774,1.73
tto,Trinidad and Tobago,2001,21076.82994,69.9,1325567,1.71
tto,Trinidad and Tobago,2002,22538.64603,70.3,1332011,1.67
tto,Trinidad and Tobago,2003,25556.20509,70.5,1338709,1.65
tto,Trinidad and Tobago,2004,27339.7768,70.9,1345380,1.63
tto,Trinidad and Tobago,2005,29968.21168,71.3,1352034,1.63
tto,Trinidad and Tobago,2006,33727.52144,71.7,1358698,1.62
tto,Trinidad and Tobago,2007,35087.40934,72.1,1365377,1.62
tto,Trinidad and Tobago,2008,36032.79313,72.4,1372084,1.62
tto,Trinidad and Tobago,2009,34327.2438,72.8,1379056,1.62
tto,Trinidad and Tobago,2010,35190.21666,73.1,1386654,1.61
tto,Trinidad and Tobago,2011,34814.37173,73.5,1394983,1.61
tto,Trinidad and Tobago,2012,36950.80796,73.8,1403809,1.61
tto,Trinidad and Tobago,2013,38033.89842,73.9,1412653,1.6
tto,Trinidad and Tobago,2014,39299.08591,73.9,1421131,1.6
tto,Trinidad and Tobago,2015,38951.92457,73.8,1429188,1.6
tto,Trinidad and Tobago,2016,35955.50195,73.7,1437026,1.6
tto,Trinidad and Tobago,2017,34153.88426,73.7,1445261,1.59
tto,Trinidad and Tobago,2018,33753.5953,73.8,1470518,1.59
tto,Trinidad and Tobago,2019,33793.70547,73.7,1484894,1.58
tun,Tunisia,1990,6842.6121,69,8324509,3.44
tun,Tunisia,1991,6969.48209,69.2,8501827,3.31
tun,Tunisia,1992,7364.47061,69.5,8682512,3.19
tun,Tunisia,1993,7383.15699,69.8,8857910,3.06
tun,Tunisia,1994,7488.10644,70.1,9018448,2.87
tun,Tunisia,1995,7545.33755,70.3,9161258,2.67
tun,Tunisia,1996,7958.71616,70.5,9294432,2.49
tun,Tunisia,1997,8276.60838,70.8,9421270,2.34
tun,Tunisia,1998,8559.00667,71,9541667,2.2
tun,Tunisia,1999,8960.97765,71.2,9655963,2.08
tun,Tunisia,2000,9263.8496,71.5,9764935,2.03
tun,Tunisia,2001,9515.24818,71.7,9869677,1.98
tun,Tunisia,2002,9533.92966,72,9971515,1.94
tun,Tunisia,2003,9875.5455,72.2,10071632,1.96
tun,Tunisia,2004,10373.9473,72.5,10166163,1.95
tun,Tunisia,2005,10627.71843,72.7,10255472,1.95
tun,Tunisia,2006,11069.39488,72.9,10346410,1.95
tun,Tunisia,2007,11680.26312,73.1,10441702,1.96
tun,Tunisia,2008,12037.15196,73.4,10542635,1.98
tun,Tunisia,2009,12254.22964,73.6,10650681,2
tun,Tunisia,2010,12458.25735,73.8,10765980,2.08
tun,Tunisia,2011,12068.70037,74,10886035,2.19
tun,Tunisia,2012,12436.38215,74.3,11009647,2.28
tun,Tunisia,2013,12587.98124,74.5,11141361,2.31
tun,Tunisia,2014,12823.98881,74.7,11274288,2.32
tun,Tunisia,2015,12802.76104,74.9,11402264,2.31
tun,Tunisia,2016,12803.87361,75.1,11528674,2.28
tun,Tunisia,2017,12953.52321,75.3,11650498,2.21
tun,Tunisia,2018,13163.59059,75.5,11765514,2.13
tun,Tunisia,2019,13249.22409,75.8,11875081,2.1
tur,Turkey,1990,11860.09284,68.1,56015628,3.11
tur,Turkey,1991,11797.10139,68.4,57009887,3
tur,Turkey,1992,12259.39262,68.6,57990118,2.94
tur,Turkey,1993,13031.74311,68.8,58999167,2.92
tur,Turkey,1994,12226.83232,69,60033836,2.87
tur,Turkey,1995,12995.43116,69.3,61024503,2.84
tur,Turkey,1996,13767.57629,69.9,61951134,2.78
tur,Turkey,1997,14624.52525,70.4,62852966,2.74
tur,Turkey,1998,14807.44668,70.9,63734383,2.71
tur,Turkey,1999,14102.52075,70.9,64591923,2.63
tur,Turkey,2000,14897.78792,72.2,65425961,2.49
tur,Turkey,2001,13831.56944,72.9,66245128,2.39
tur,Turkey,2002,14567.44418,73.5,67048795,2.27
tur,Turkey,2003,15222.1931,73.9,67831730,2.2
tur,Turkey,2004,16504.40556,74.4,68592617,2.2
tur,Turkey,2005,17775.43114,74.6,69329557,2.2
tur,Turkey,2006,18797.86982,74.7,70045349,2.19
tur,Turkey,2007,19682.39627,75,70750586,2.18
tur,Turkey,2008,19573.32978,75.8,71562338,2.17
tur,Turkey,2009,18347.09957,76.9,72464848,2.15
tur,Turkey,2010,19564.7889,77.3,73346769,2.08
tur,Turkey,2011,21439.06906,77.2,74215203,2.05
tur,Turkey,2012,22181.12078,77.2,75197198,2.11
tur,Turkey,2013,23756.27304,76.8,76403031,2.11
tur,Turkey,2014,24595.69906,76.5,78036154,2.19
tur,Turkey,2015,25746.43245,76.4,80014226,2.16
tur,Turkey,2016,26246.49471,76.3,81652088,2.12
tur,Turkey,2017,27851.982,76.7,83083662,2.08
tur,Turkey,2018,28305.46125,77.1,84415969,2
tur,Turkey,2019,28132.05357,77.4,85357672,1.89
tuv,Tuvalu,1990,3037.4003,59.7,8798,3.75
tuv,Tuvalu,1991,3100.22338,60,8928,3.79
tuv,Tuvalu,1992,3147.51491,60.3,9038,3.86
tuv,Tuvalu,1993,3242.52603,60.5,9126,3.92
tuv,Tuvalu,1994,3543.43028,60.7,9207,3.92
tuv,Tuvalu,1995,3338.19718,60.9,9280,3.96
tuv,Tuvalu,1996,3117.71134,61,9342,3.95
tuv,Tuvalu,1997,3408.50204,61.2,9400,3.95
tuv,Tuvalu,1998,3914.10214,61.3,9451,3.95
tuv,Tuvalu,1999,3831.7733,61.5,9496,3.92
tuv,Tuvalu,2000,3770.50836,58.4,9544,3.84
tuv,Tuvalu,2001,3754.38917,61.8,9586,3.75
tuv,Tuvalu,2002,4079.53425,62,9623,3.64
tuv,Tuvalu,2003,3870.52057,62.2,9695,3.58
tuv,Tuvalu,2004,3733.77015,62.3,9816,3.55
tuv,Tuvalu,2005,3513.28337,62.4,9940,3.55
tuv,Tuvalu,2006,3551.787,62.6,10056,3.53
tuv,Tuvalu,2007,3752.45208,62.7,10182,3.45
tuv,Tuvalu,2008,3945.48632,62.8,10321,3.42
tuv,Tuvalu,2009,3644.94159,62.9,10461,3.43
tuv,Tuvalu,2010,3506.06023,62.9,10614,3.44
tuv,Tuvalu,2011,3687.43927,63,10780,3.46
tuv,Tuvalu,2012,3558.15237,63,10934,3.47
tuv,Tuvalu,2013,3690.24204,63,11001,3.39
tuv,Tuvalu,2014,3695.95345,63.1,10984,3.33
tuv,Tuvalu,2015,4088.7658,63.2,10963,3.31
tuv,Tuvalu,2016,4333.24899,63.2,10930,3.3
tuv,Tuvalu,2017,4464.25885,63.4,10869,3.3
tuv,Tuvalu,2018,4575.869,63.4,10751,3.33
tuv,Tuvalu,2019,5292.0302600000005,63.6,10581,3.33
tza,Tanzania,1990,1587.30876,55,26110207,6.2
tza,Tanzania,1991,1599.85434,54.6,26780436,6.14
tza,Tanzania,1992,1587.85833,53.9,27457588,6.08
tza,Tanzania,1993,1575.49928,53.6,28332692,6
tza,Tanzania,1994,1557.93208,53.2,29442356,5.89
tza,Tanzania,1995,1579.3614,53,30383497,5.82
tza,Tanzania,1996,1636.5107,52.8,30945762,5.83
tza,Tanzania,1997,1674.03146,52.8,31578089,5.84
tza,Tanzania,1998,1704.23741,53.1,32420458,5.81
tza,Tanzania,1999,1752.38129,53.7,33300330,5.75
tza,Tanzania,2000,1792.82437,54.3,34260139,5.67
tza,Tanzania,2001,1861.41533,55,35198299,5.62
tza,Tanzania,2002,1951.57594,55.5,36121304,5.57
tza,Tanzania,2003,2035.56231,56.1,37089555,5.58
tza,Tanzania,2004,2137.31153,56.8,38109668,5.6
tza,Tanzania,2005,2239.90235,57.9,39182076,5.58
tza,Tanzania,2006,2324.16223,59.2,40294902,5.51
tza,Tanzania,2007,2420.07714,60.6,41435512,5.4
tza,Tanzania,2008,2492.53135,61.4,42570728,5.32
tza,Tanzania,2009,2561.36835,61.9,43633982,5.26
tza,Tanzania,2010,2654.80347,62.4,44758488,5.23
tza,Tanzania,2011,2779.70776,62.8,46029367,5.14
tza,Tanzania,2012,2822.48535,63.6,47374260,5.14
tza,Tanzania,2013,2924.86328,64.6,48824128,5.16
tza,Tanzania,2014,3027.56909,65.4,50351512,5.12
tza,Tanzania,2015,3111.44458,66,52020962,5.03
tza,Tanzania,2016,3214.24683,66.5,53824013,5.01
tza,Tanzania,2017,3319.37671,67.1,55652890,4.99
tza,Tanzania,2018,3392.68872,67.7,57437145,4.93
tza,Tanzania,2019,3484.63257,68.3,59174891,4.87
uga,Uganda,1990,1124.70915,46.9,17569897,7.01
uga,Uganda,1991,1134.25922,46.3,18155901,6.94
uga,Uganda,1992,1138.53665,46.2,18785032,6.91
uga,Uganda,1993,1183.56146,46.1,19445161,6.89
uga,Uganda,1994,1218.30034,46.1,20108801,6.9
uga,Uganda,1995,1313.40901,46.4,20665667,6.87
uga,Uganda,1996,1385.55899,46.6,21231550,6.84
uga,Uganda,1997,1411.69329,47.1,21856046,6.86
uga,Uganda,1998,1438.47157,47.6,22515806,6.84
uga,Uganda,1999,1502.26228,48.1,23257281,6.83
uga,Uganda,2000,1501.54961,48.5,24000150,6.79
uga,Uganda,2001,1536.69035,49.5,24745676,6.76
uga,Uganda,2002,1613.87079,50.4,25532870,6.74
uga,Uganda,2003,1662.0518,51.7,26352124,6.67
uga,Uganda,2004,1718.80882,53.3,27154515,6.61
uga,Uganda,2005,1776.84593,55.2,27963289,6.53
uga,Uganda,2006,1904.85683,55.9,28794003,6.43
uga,Uganda,2007,2003.15025,56.4,29653430,6.33
uga,Uganda,2008,2113.76498,57.4,30539553,6.2
uga,Uganda,2009,2190.48073,58.4,31451151,6.12
uga,Uganda,2010,2244.60595,59.3,32390802,6.02
uga,Uganda,2011,2384.46533,60,33354543,5.89
uga,Uganda,2012,2405.09456,60.6,34337438,5.73
uga,Uganda,2013,2420.88808,61.4,35337042,5.56
uga,Uganda,2014,2470.50381,62.1,36395539,5.41
uga,Uganda,2015,2520.0201,62.7,37531446,5.25
uga,Uganda,2016,2554.22769,63.3,38799152,5.11
uga,Uganda,2017,2543.84754,63.9,40177388,4.99
uga,Uganda,2018,2613.87976,64.4,41565831,4.87
uga,Uganda,2019,2689.41009,64.9,42999637,4.74
ukr,Ukraine,1990,19355.35476,70.6,52054092,1.85
ukr,Ukraine,1991,17858.2672,69.9,52170961,1.77
ukr,Ukraine,1992,16241.95738,69.2,52323671,1.67
ukr,Ukraine,1993,14094.18394,68.4,52350126,1.56
ukr,Ukraine,1994,11046.98797,67.8,52075998,1.47
ukr,Ukraine,1995,9882.22202,67.1,51665539,1.4
ukr,Ukraine,1996,9063.82586,67.3,51226109,1.33
ukr,Ukraine,1997,8955.78465,67.9,50786885,1.27
ukr,Ukraine,1998,8941.29314,68.5,50379731,1.21
ukr,Ukraine,1999,9077.54971,68.3,49976446,1.13
ukr,Ukraine,2000,9778.67964,68.1,49556660,1.11
ukr,Ukraine,2001,10828.82636,68.2,49106855,1.09
ukr,Ukraine,2002,11593.84214,68.1,48677281,1.13
ukr,Ukraine,2003,12881.9868,68,48315136,1.17
ukr,Ukraine,2004,14596.33258,67.9,47979507,1.22
ukr,Ukraine,2005,15258.93136,67.7,47585556,1.22
ukr,Ukraine,2006,16612.22621,67.9,47278694,1.3
ukr,Ukraine,2007,18151.64989,68,47062798,1.34
ukr,Ukraine,2008,18740.32581,68.4,46819175,1.44
ukr,Ukraine,2009,16035.32827,69.6,46623731,1.47
ukr,Ukraine,2010,16811.79492,70.4,46456003,1.44
ukr,Ukraine,2011,17783.95703,71,46307853,1.46
ukr,Ukraine,2012,17848.74023,71.2,46210056,1.53
ukr,Ukraine,2013,17889.0918,71.4,46126770,1.52
ukr,Ukraine,2014,16978.8125,71.7,45972380,1.47
ukr,Ukraine,2015,15403.70996,72.8,45784896,1.39
ukr,Ukraine,2016,15856.8125,73.2,45616832,1.39
ukr,Ukraine,2017,16310.36035,73.1,45436041,1.3
ukr,Ukraine,2018,16978.98438,73.4,45208907,1.23
ukr,Ukraine,2019,17636.55469,73.4,44957458,1.22
ury,Uruguay,1990,13974.74454,73.1,3104403,2.48
ury,Uruguay,1991,14382.28714,73.3,3122354,2.45
ury,Uruguay,1992,15438.09444,73.4,3139702,2.43
ury,Uruguay,1993,15767.65934,73.3,3156345,2.41
ury,Uruguay,1994,16828.73988,73.6,3172834,2.43
ury,Uruguay,1995,16502.46468,73.6,3189440,2.4
ury,Uruguay,1996,17327.01133,73.8,3206324,2.36
ury,Uruguay,1997,18602.64219,74.1,3223345,2.33
ury,Uruguay,1998,19362.41976,74.1,3239280,2.27
ury,Uruguay,1999,18971.35515,74.2,3254015,2.25
ury,Uruguay,2000,18556.85792,74.7,3266206,2.2
ury,Uruguay,2001,17808.48984,74.9,3274251,2.16
ury,Uruguay,2002,16412.79634,75,3278867,2.16
ury,Uruguay,2003,16546.88123,75,3281186,2.12
ury,Uruguay,2004,17380.4423,75.3,3283148,2.09
ury,Uruguay,2005,18678.61672,75.6,3285771,2.1
ury,Uruguay,2006,19446.19417,75.8,3289506,2.07
ury,Uruguay,2007,20707.35148,75.8,3295153,2.05
ury,Uruguay,2008,22177.22099,76.2,3302177,2.03
ury,Uruguay,2009,23093.63076,76.5,3310091,2.02
ury,Uruguay,2010,24879.83502,76.4,3318580,2.01
ury,Uruguay,2011,26099.32153,76.4,3326825,1.99
ury,Uruguay,2012,26953.28111,76.5,3335401,2.01
ury,Uruguay,2013,28119.48333,76.8,3345337,2.03
ury,Uruguay,2014,28935.09744,77,3356334,2.03
ury,Uruguay,2015,28941.62941,77,3368017,2.04
ury,Uruguay,2016,29332.56726,77,3379283,1.97
ury,Uruguay,2017,29762.43332,77.2,3388438,1.82
ury,Uruguay,2018,29757.93885,77.2,3394534,1.68
ury,Uruguay,2019,30010.57426,77.5,3397206,1.57
usa,USA,1990,45755.4382,75.5,253373387,2.07
usa,USA,1991,45034.50608,75.6,256471422,2.06
usa,USA,1992,45911.95369,75.8,259606019,2.04
usa,USA,1993,46485.39846,75.6,262633231,2.01
usa,USA,1994,47696.23296,75.8,265474810,1.99
usa,USA,1995,48326.18131,75.9,268205795,1.97
usa,USA,1996,49495.08573,76.2,270860696,1.96
usa,USA,1997,51002.72006,76.5,273468013,1.96
usa,USA,1998,52586.78912,76.7,276119333,1.98
usa,USA,1999,54383.0483,76.7,278785484,1.99
usa,USA,2000,55889.51752,76.8,281484131,2.03
usa,USA,2001,55783.75337,76.9,284279639,2.01
usa,USA,2002,56127.43794,77,287084338,2
usa,USA,2003,57114.90269,77.2,289908100,2.03
usa,USA,2004,58672.14582,77.6,292786253,2.03
usa,USA,2005,60060.46474,77.6,295716664,2.04
usa,USA,2006,61043.40958,77.8,298730209,2.09
usa,USA,2007,61578.56309,78.1,301844226,2.1
usa,USA,2008,60971.05175,78.2,304970333,2.05
usa,USA,2009,58796.53195,78.5,308023454,1.99
usa,USA,2010,59789.41291,78.7,311062790,1.92
usa,USA,2011,60245.4844,78.8,314105078,1.88
usa,USA,2012,61134.53061,78.9,317115355,1.86
usa,USA,2013,61958.72344,78.9,320110759,1.84
usa,USA,2014,63018.80339,78.9,323115377,1.85
usa,USA,2015,64359.47259,78.8,326126497,1.83
usa,USA,2016,65017.65496,78.7,329179427,1.8
usa,USA,2017,66155.55557,78.7,332204660,1.75
usa,USA,2018,67719.76564,78.8,335056497,1.72
usa,USA,2019,69112.60269,78.9,337790067,1.68
uzb,Uzbekistan,1990,5245.94666,68.3,20464956,4.12
uzb,Uzbekistan,1991,5017.68614,68.1,20962910,4.19
uzb,Uzbekistan,1992,4283.38566,67.7,21485090,4.06
uzb,Uzbekistan,1993,4030.39327,67.3,21987955,3.86
uzb,Uzbekistan,1994,3688.64876,67,22463291,3.66
uzb,Uzbekistan,1995,3535.14321,67,22917589,3.57
uzb,Uzbekistan,1996,3482.60448,67.1,23351981,3.39
uzb,Uzbekistan,1997,3555.793,67.4,23758960,3.19
uzb,Uzbekistan,1998,3607.09865,67.7,24134929,2.99
uzb,Uzbekistan,1999,3666.90884,68.1,24476008,2.83
uzb,Uzbekistan,2000,3717.41589,68.3,24787054,2.7
uzb,Uzbekistan,2001,3784.66799,68.4,25090283,2.61
uzb,Uzbekistan,2002,3847.70134,68.6,25399980,2.58
uzb,Uzbekistan,2003,3923.88189,68.8,25711259,2.5
uzb,Uzbekistan,2004,4126.5675,69,26029350,2.5
uzb,Uzbekistan,2005,4320.94278,69,26356975,2.44
uzb,Uzbekistan,2006,4545.7087,68.9,26699043,2.46
uzb,Uzbekistan,2007,4868.67484,69.2,27076008,2.57
uzb,Uzbekistan,2008,5188.36176,69.6,27494774,2.64
uzb,Uzbekistan,2009,5477.39831,69.9,27939328,2.56
uzb,Uzbekistan,2010,5760.80512,70.1,28385506,2.44
uzb,Uzbekistan,2011,6100.25101,70.2,28823196,2.35
uzb,Uzbekistan,2012,6435.56467,70.4,29261903,2.34
uzb,Uzbekistan,2013,6797.77495,70.7,29724065,2.45
uzb,Uzbekistan,2014,7145.10981,70.9,30222994,2.55
uzb,Uzbekistan,2015,7529.76364,71.1,30749346,2.58
uzb,Uzbekistan,2016,7839.9782,71.2,31284568,2.56
uzb,Uzbekistan,2017,8047.05375,71.4,31819178,2.57
uzb,Uzbekistan,2018,8348.96058,71.6,32373490,2.71
uzb,Uzbekistan,2019,8755.12594,71.7,32964701,2.87
vct,St. Vincent and the Grenadines,1990,7461.77774,71.7,111812,2.73
vct,St. Vincent and the Grenadines,1991,7521.13832,71.6,112222,2.75
vct,St. Vincent and the Grenadines,1992,7982.5072,71.3,112509,2.76
vct,St. Vincent and the Grenadines,1993,8308.00219,71.1,112735,2.74
vct,St. Vincent and the Grenadines,1994,8193.60858,71,112918,2.68
vct,St. Vincent and the Grenadines,1995,8822.01726,71,113047,2.61
vct,St. Vincent and the Grenadines,1996,8931.65568,71.2,113119,2.53
vct,St. Vincent and the Grenadines,1997,9244.08829,71.4,113141,2.43
vct,St. Vincent and the Grenadines,1998,9619.96769,71.5,113180,2.35
vct,St. Vincent and the Grenadines,1999,9866.87339,71.7,113366,2.31
vct,St. Vincent and the Grenadines,2000,10013.41602,71.8,113545,2.31
vct,St. Vincent and the Grenadines,2001,10188.54185,72.1,113501,2.3
vct,St. Vincent and the Grenadines,2002,10753.63244,72.1,113347,2.22
vct,St. Vincent and the Grenadines,2003,11497.85129,72.4,113141,2.14
vct,St. Vincent and the Grenadines,2004,11995.96585,72.6,112835,2.09
vct,St. Vincent and the Grenadines,2005,12329.99452,72.9,112450,2.07
vct,St. Vincent and the Grenadines,2006,13243.91913,73.3,112014,2.03
vct,St. Vincent and the Grenadines,2007,13738.57139,73.5,111531,2.06
vct,St. Vincent and the Grenadines,2008,13857.86634,73.6,111028,2.15
vct,St. Vincent and the Grenadines,2009,13725.31295,73.8,110508,2.17
vct,St. Vincent and the Grenadines,2010,13175.72302,73.8,109959,2.14
vct,St. Vincent and the Grenadines,2011,13168.89643,73.7,109349,2.08
vct,St. Vincent and the Grenadines,2012,13397.9633,73.6,108736,2.11
vct,St. Vincent and the Grenadines,2013,13804.1838,73.5,108135,2.11
vct,St. Vincent and the Grenadines,2014,14054.7557,73.9,107535,2.14
vct,St. Vincent and the Grenadines,2015,14523.5812,74.2,106960,2.13
vct,St. Vincent and the Grenadines,2016,15212.61976,74.3,106349,2.06
vct,St. Vincent and the Grenadines,2017,15533.22128,74.4,105663,1.94
vct,St. Vincent and the Grenadines,2018,16139.06611,74.5,104926,1.9
vct,St. Vincent and the Grenadines,2019,16365.32558,74.5,104167,1.86
ven,Venezuela,1990,11518.3604,71.7,19827010,3.45
ven,Venezuela,1991,12554.65406,71.8,20304896,3.37
ven,Venezuela,1992,13146.05685,71.8,20780948,3.29
ven,Venezuela,1993,13031.10807,71.9,21254520,3.22
ven,Venezuela,1994,12571.92456,71.9,21725188,3.15
ven,Venezuela,1995,12915.11097,72.2,22193821,3.08
ven,Venezuela,1996,12726.7936,72.6,22662113,3.02
ven,Venezuela,1997,13368.22675,73,23131685,2.97
ven,Venezuela,1998,13189.25629,73.4,23601337,2.91
ven,Venezuela,1999,12230.36134,69.2,24066593,2.86
ven,Venezuela,2000,12454.43236,73.6,24526708,2.79
ven,Venezuela,2001,12833.99055,73.5,24979922,2.78
ven,Venezuela,2002,11593.79182,73.6,25435671,2.74
ven,Venezuela,2003,10648.08192,73.5,25892703,2.7
ven,Venezuela,2004,12628.01445,73.9,26340838,2.64
ven,Venezuela,2005,14034.5749,74.3,26785804,2.63
ven,Venezuela,2006,15544.30445,74.4,27224686,2.6
ven,Venezuela,2007,16992.37514,74.4,27649363,2.52
ven,Venezuela,2008,17866.42605,74.3,28053696,2.48
ven,Venezuela,2009,17067.05407,74.4,28438298,2.42
ven,Venezuela,2010,16695.002,74.6,28813101,2.4
ven,Venezuela,2011,17493.729,74.7,29185212,2.4
ven,Venezuela,2012,18551.879,74.8,29553826,2.38
ven,Venezuela,2013,18850.906,74.7,29912198,2.33
ven,Venezuela,2014,18176.005,74.3,30254079,2.3
ven,Venezuela,2015,16970.969,73.8,30573972,2.25
ven,Venezuela,2016,14169.523,73.2,30765720,2.22
ven,Venezuela,2017,12271.362,72.9,30565323,2.18
ven,Venezuela,2018,10622.181,72.7,29807592,2.15
ven,Venezuela,2019,8116.199,72.4,28938098,2.13
vnm,Vietnam,1990,2382.67426,69.2,65504552,3.6
vnm,Vietnam,1991,2473.71912,69.5,66891775,3.52
vnm,Vietnam,1992,2636.93845,69.8,68260337,3.35
vnm,Vietnam,1993,2798.61125,70.1,69586384,3.17
vnm,Vietnam,1994,2994.5848,70.5,70854391,2.94
vnm,Vietnam,1995,3229.972,70.9,72049940,2.7
vnm,Vietnam,1996,3482.02953,71.2,73156447,2.47
vnm,Vietnam,1997,3716.6873,71.5,74226889,2.27
vnm,Vietnam,1998,3881.05332,71.9,75299660,2.1
vnm,Vietnam,1999,4019.81159,72.3,76287452,2
vnm,Vietnam,2000,4250.45395,72.7,77154011,2.03
vnm,Vietnam,2001,4477.15881,72.9,77969361,2.02
vnm,Vietnam,2002,4722.82509,73,78772224,2.01
vnm,Vietnam,2003,5008.5529,73.2,79563777,2
vnm,Vietnam,2004,5344.44392,73.4,80338971,1.97
vnm,Vietnam,2005,5705.39302,73.5,81088313,1.89
vnm,Vietnam,2006,6037.17638,73.7,82167897,1.87
vnm,Vietnam,2007,6370.74245,73.8,83633375,1.91
vnm,Vietnam,2008,6626.55947,73.9,85175788,1.93
vnm,Vietnam,2009,6897.38392,74,86460018,1.92
vnm,Vietnam,2010,7274.73311,74.2,87455152,1.91
vnm,Vietnam,2011,7652.61896,74.4,88468314,1.93
vnm,Vietnam,2012,7979.86829,74.6,89510356,1.97
vnm,Vietnam,2013,8324.19871,74.7,90573104,1.98
vnm,Vietnam,2014,8751.88281,74.9,91679578,2.09
vnm,Vietnam,2015,9248.02396,75.1,92823254,2.1
vnm,Vietnam,2016,9743.18822,75.2,94000117,2
vnm,Vietnam,2017,10290.54871,75.4,95176977,1.99
vnm,Vietnam,2018,10936.89379,75.6,96237319,1.88
vnm,Vietnam,2019,11628.61391,75.7,97173776,1.94
vut,Vanuatu,1990,3185.58006,66.5,148063,5.17
vut,Vanuatu,1991,3198.24615,66.4,151793,5.13
vut,Vanuatu,1992,3192.89092,66.4,155608,5.09
vut,Vanuatu,1993,3131.50691,66.4,159463,5.02
vut,Vanuatu,1994,3328.74451,66.4,163314,4.94
vut,Vanuatu,1995,3280.93377,66.7,167137,4.85
vut,Vanuatu,1996,3280.33636,66.7,170911,4.75
vut,Vanuatu,1997,3366.1647,66.9,174626,4.66
vut,Vanuatu,1998,3351.01218,67.1,178313,4.6
vut,Vanuatu,1999,3289.13144,66.7,182048,4.56
vut,Vanuatu,2000,3400.34487,67.8,186281,4.54
vut,Vanuatu,2001,3198.35345,67.8,191031,4.5
vut,Vanuatu,2002,2952.50727,68.5,195863,4.38
vut,Vanuatu,2003,2998.65223,69.2,200746,4.29
vut,Vanuatu,2004,3037.30966,69.3,205711,4.21
vut,Vanuatu,2005,3116.25682,69,210760,4.13
vut,Vanuatu,2006,3293.3842,69,215923,4.1
vut,Vanuatu,2007,3303.71983,69,221276,4.12
vut,Vanuatu,2008,3396.27739,69,226896,4.16
vut,Vanuatu,2009,3404.38083,69.3,232731,4.16
vut,Vanuatu,2010,3359.84955,69.4,238248,4.13
vut,Vanuatu,2011,3390.96104,69.3,243474,4.09
vut,Vanuatu,2012,3350.77089,69.4,248883,4.06
vut,Vanuatu,2013,3292.23425,69.4,254482,4.04
vut,Vanuatu,2014,3302.29178,69.3,260240,4
vut,Vanuatu,2015,3357.63888,69.4,266101,3.95
vut,Vanuatu,2016,3397.7673,69.6,272087,3.92
vut,Vanuatu,2017,3465.91969,69.7,278507,3.88
vut,Vanuatu,2018,3482.02272,69.9,285259,3.83
vut,Vanuatu,2019,3512.07197,70.1,291985,3.79
wsm,Samoa,1990,4225.91653,71.3,169042,5.01
wsm,Samoa,1991,4102.98744,71.3,169368,4.91
wsm,Samoa,1992,4056.76174,71.6,170331,4.87
wsm,Samoa,1993,4174.78371,71.6,171774,4.83
wsm,Samoa,1994,4023.82666,71.6,173159,4.79
wsm,Samoa,1995,4246.30907,71.7,174571,4.77
wsm,Samoa,1996,4502.04312,71.7,176071,4.74
wsm,Samoa,1997,4483.78373,71.7,177547,4.7
wsm,Samoa,1998,4537.20759,71.7,178905,4.65
wsm,Samoa,1999,4590.44353,71.7,180275,4.57
wsm,Samoa,2000,4786.98319,71.7,181685,4.52
wsm,Samoa,2001,5082.10151,71.8,183166,4.48
wsm,Samoa,2002,5308.03796,71.9,184471,4.44
wsm,Samoa,2003,5535.14333,71.9,185430,4.39
wsm,Samoa,2004,5671.08845,72,186249,4.34
wsm,Samoa,2005,5994.51432,72,186978,4.32
wsm,Samoa,2006,6080.80838,72.2,187709,4.32
wsm,Samoa,2007,6075.11858,72.4,188753,4.36
wsm,Samoa,2008,6220.72912,72.5,190107,4.42
wsm,Samoa,2009,6119.03683,70.6,191513,4.47
wsm,Samoa,2010,6427.31156,72.7,193023,4.52
wsm,Samoa,2011,6616.7711,72.8,194713,4.56
wsm,Samoa,2012,6311.9607,72.7,196498,4.55
wsm,Samoa,2013,6262.32372,72.9,198268,4.49
wsm,Samoa,2014,6247.90481,72.9,200037,4.42
wsm,Samoa,2015,6432.35979,73,201782,4.34
wsm,Samoa,2016,6887.30523,73,203499,4.26
wsm,Samoa,2017,6919.01573,73.1,205415,4.2
wsm,Samoa,2018,6805.04517,73.2,207582,4.14
wsm,Samoa,2019,7033.52113,72,209780,4.06
yem,Yemen,1990,2332.6713800000002,59.7,13887862,8.61
yem,Yemen,1991,2401.76263,60.2,14430201,8.46
yem,Yemen,1992,2499.623,60.7,14989494,8.27
yem,Yemen,1993,2505.72452,61.2,15563914,8.05
yem,Yemen,1994,2579.41704,61.4,16149147,7.8
yem,Yemen,1995,2635.98018,62.2,16740058,7.53
yem,Yemen,1996,2671.88687,62.8,17313177,7
yem,Yemen,1997,2729.14897,63.4,17873936,6.82
yem,Yemen,1998,2798.28115,64,18446013,6.64
yem,Yemen,1999,2817.63057,64.5,19029420,6.49
yem,Yemen,2000,2925.61188,65,19624141,6.32
yem,Yemen,2001,2972.30339,65.6,20226147,6.14
yem,Yemen,2002,3008.55679,66.1,20835086,5.97
yem,Yemen,2003,3053.03487,66.6,21456379,5.84
yem,Yemen,2004,3126.5557,66.9,22095167,5.71
yem,Yemen,2005,3262.42885,67.3,22790085,5.56
yem,Yemen,2006,3322.37032,67.7,23543083,5.41
yem,Yemen,2007,3380.10829,68,24318082,5.26
yem,Yemen,2008,3426.73172,68.3,25111941,5.11
yem,Yemen,2009,3439.29712,68.6,25927724,5
yem,Yemen,2010,3603.03,69.2,26754387,4.81
yem,Yemen,2011,3113.383,69.2,27582897,4.63
yem,Yemen,2012,3004.921,69.4,28433647,4.63
yem,Yemen,2013,3164.322,69.8,29312952,4.62
yem,Yemen,2014,3116.261,70,30226309,4.62
yem,Yemen,2015,2196.886,69.6,31159379,4.62
yem,Yemen,2016,1950.402,69.2,32109010,4.61
yem,Yemen,2017,1828.716,69.2,33090921,4.61
yem,Yemen,2018,1829.707,68.2,34085182,4.61
yem,Yemen,2019,1843.465,68.8,35111408,4.6
zaf,South Africa,1990,9985.19104,67.7,40746268,3.72
zaf,South Africa,1991,9753.62626,68,41687898,3.62
zaf,South Africa,1992,9452.30578,68,42443509,3.48
zaf,South Africa,1993,9455.324,67.4,43297156,3.37
zaf,South Africa,1994,9673.68508,66.3,44004139,3.26
zaf,South Africa,1995,9922.05808,65.6,44541554,3.17
zaf,South Africa,1996,10283.1854,63.8,45123018,2.99
zaf,South Africa,1997,10487.20032,62.4,45666838,2.73
zaf,South Africa,1998,10466.72171,60.8,46223880,2.63
zaf,South Africa,1999,10649.62736,59.9,46730335,2.56
zaf,South Africa,2000,11037.87368,59,47159719,2.41
zaf,South Africa,2001,11277.16993,57.7,47566800,2.37
zaf,South Africa,2002,11617.57225,56.4,48019415,2.32
zaf,South Africa,2003,11870.87162,55.2,48500348,2.36
zaf,South Africa,2004,12312.62672,54.7,48991421,2.44
zaf,South Africa,2005,12853.29549,54.4,49490033,2.51
zaf,South Africa,2006,13452.90444,54.4,49998277,2.55
zaf,South Africa,2007,14037.25886,54.9,50528584,2.55
zaf,South Africa,2008,14324.90593,55.8,51114599,2.68
zaf,South Africa,2009,13936.02189,56.9,51728516,2.5
zaf,South Africa,2010,14182.33428,58.2,52344051,2.45
zaf,South Africa,2011,14451.92918,59.7,52995205,2.44
zaf,South Africa,2012,14581.58896,61,53782567,2.45
zaf,South Africa,2013,14699.06681,61.9,54678791,2.43
zaf,South Africa,2014,14661.26243,62.5,55594838,2.42
zaf,South Africa,2015,14559.47438,63.1,56723537,2.36
zaf,South Africa,2016,14519.03086,63.7,57259551,2.26
zaf,South Africa,2017,14591.43668,64.5,57635162,2.28
zaf,South Africa,2018,14571.37563,65.1,58613001,2.27
zaf,South Africa,2019,14370.23804,65.9,59587885,2.26
zmb,Zambia,1990,2196.93365,48.8,7786169,6.57
zmb,Zambia,1991,2165.42365,47.7,7981650,6.46
zmb,Zambia,1992,2121.47104,46.5,8176680,6.35
zmb,Zambia,1993,2199.28536,45.7,8373921,6.3
zmb,Zambia,1994,1959.51644,44.8,8576269,6.26
zmb,Zambia,1995,1989.76563,43.9,8785763,6.23
zmb,Zambia,1996,2083.35558,43.2,9004053,6.18
zmb,Zambia,1997,2126.92335,42.9,9237063,6.12
zmb,Zambia,1998,2081.12031,42.8,9482408,6.07
zmb,Zambia,1999,2136.66772,42.8,9740005,6
zmb,Zambia,2000,2173.01609,43.1,10017631,5.92
zmb,Zambia,2001,2233.6768,42.8,10325185,5.85
zmb,Zambia,2002,2276.69859,43.7,10647949,5.77
zmb,Zambia,2003,2372.1238,45.2,10983595,5.71
zmb,Zambia,2004,2469.0897,47.2,11338198,5.7
zmb,Zambia,2005,2569.15938,48.5,11718819,5.7
zmb,Zambia,2006,2683.23992,49.8,12129553,5.68
zmb,Zambia,2007,2808.6142,51.8,12565085,5.61
zmb,Zambia,2008,2919.80288,53.6,13021324,5.53
zmb,Zambia,2009,3073.64995,54.7,13490389,5.45
zmb,Zambia,2010,3266.50749,55.4,13965594,5.36
zmb,Zambia,2011,3335.6434,55.9,14437796,5.26
zmb,Zambia,2012,3474.55253,56.7,14913629,5.14
zmb,Zambia,2013,3535.22449,57.5,15398997,5.01
zmb,Zambia,2014,3585.57748,58.1,15895315,4.89
zmb,Zambia,2015,3576.92545,58.6,16399089,4.78
zmb,Zambia,2016,3598.17166,59.1,16914423,4.67
zmb,Zambia,2017,3612.50598,59.5,17441320,4.57
zmb,Zambia,2018,3646.95966,59.8,17973569,4.49
zmb,Zambia,2019,3591.56419,60.2,18513839,4.42
zwe,Zimbabwe,1990,3651.94234,64.8,10137281,4.88
zwe,Zimbabwe,1991,3773.13922,63.4,10404816,4.72
zwe,Zimbabwe,1992,3355.63031,61.4,10702700,4.57
zwe,Zimbabwe,1993,3351.59374,59.4,10860288,4.39
zwe,Zimbabwe,1994,3668.14813,57,10873148,4.28
zwe,Zimbabwe,1995,3660.83797,54.7,10974599,4.15
zwe,Zimbabwe,1996,3996.04843,52.5,11158360,4.11
zwe,Zimbabwe,1997,4051.69069,50.7,11369827,4.08
zwe,Zimbabwe,1998,4113.29259,49,11594297,4.07
zwe,Zimbabwe,1999,4035.40439,47.7,11783458,4.06
zwe,Zimbabwe,2000,3888.44839,46.7,11892055,4.01
zwe,Zimbabwe,2001,3928.39321,46.4,11971901,3.98
zwe,Zimbabwe,2002,3571.02598,46.2,12087653,3.93
zwe,Zimbabwe,2003,2949.25001,45.9,12232323,3.86
zwe,Zimbabwe,2004,2762.35658,46.5,12365896,3.78
zwe,Zimbabwe,2005,2589.93892,47.7,12483432,3.69
zwe,Zimbabwe,2006,2482.77583,49.2,12636445,3.64
zwe,Zimbabwe,2007,2372.23665,51.4,12804058,3.68
zwe,Zimbabwe,2008,1938.0725,52.2,12959149,3.78
zwe,Zimbabwe,2009,2169.48008,53.9,13142790,3.95
zwe,Zimbabwe,2010,2563.47835,56.7,13356548,4.04
zwe,Zimbabwe,2011,2875.90206,58.2,13595424,4.13
zwe,Zimbabwe,2012,3301.16623,59.3,13817887,4.13
zwe,Zimbabwe,2013,3319.77209,60.4,14013808,4.11
zwe,Zimbabwe,2014,3352.38135,61.5,14207359,4.01
zwe,Zimbabwe,2015,3366.63371,62.1,14399013,3.91
zwe,Zimbabwe,2016,3345.31502,62.6,14600294,3.83
zwe,Zimbabwe,2017,3453.50574,63.3,14812482,3.77
zwe,Zimbabwe,2018,3572.98134,63.9,15034452,3.74
zwe,Zimbabwe,2019,3294.80389,64.3,15271368,3.75
